Date,Rainfall,Sunshine,Cloud9am,Cloud3pm,RainToday,RainTomorrow
2008-12-01,0.0,,,,No,No
2008-12-02,0.0,,,,No,No
2008-12-03,0.0,,,,No,No
2008-12-04,0.0,,,,No,No
2008-12-05,0.4,,,,No,No
2008-12-06,0.0,,,,No,No
2008-12-07,0.0,,,,No,No
2008-12-08,0.0,,,,No,No
2008-12-09,0.0,,,,No,No
2008-12-10,0.4,,,,No,No
2008-12-11,0.0,,,,No,Yes
2008-12-12,4.8,,,,Yes,Yes
2008-12-13,55.6,,,,Yes,No
2008-12-14,0.0,,,,No,No
2008-12-15,0.0,,,,No,No
2008-12-16,0.0,,,,No,No
2008-12-17,0.0,,,,No,Yes
2008-12-18,8.0,,,,Yes,No
2008-12-19,0.6,,,,No,No
2008-12-20,0.0,,,,No,No
2008-12-21,0.0,,,,No,No
2008-12-22,0.0,,,,No,Yes
2008-12-23,1.8,,,,Yes,Yes
2008-12-24,8.8,,,,Yes,No
2008-12-25,0.0,,,,No,No
2008-12-26,0.0,,,,No,No
2008-12-27,0.0,,,,No,Yes
2008-12-28,24.8,,,,Yes,No
2008-12-29,0.0,,,,No,No
2008-12-30,0.0,,,,No,No
2008-12-31,0.0,,,,No,No
2009-01-01,0.0,,,,No,No
2009-01-02,0.0,,,,No,No
2009-01-03,0.0,,,,No,No
2009-01-04,0.0,,,,No,No
2009-01-05,0.0,,,,No,No
2009-01-06,0.0,,,,No,No
2009-01-07,0.0,,,,No,Yes
2009-01-08,1.2,,,,Yes,No
2009-01-09,0.0,,,,No,No
2009-01-10,0.0,,,,No,No
2009-01-11,0.0,,,,No,Yes
2009-01-12,4.4,,,,Yes,No
2009-01-13,0.0,,,,No,No
2009-01-14,0.0,,,,No,No
2009-01-15,0.0,,,,No,No
2009-01-16,0.0,,,,No,No
2009-01-17,0.0,,,,No,No
2009-01-18,0.0,,,,No,No
2009-01-19,0.0,,,,No,No
2009-01-20,0.0,,,,No,Yes
2009-01-21,29.2,,,,Yes,No
2009-01-22,0.0,,,,No,Yes
2009-01-23,11.8,,,,Yes,Yes
2009-01-24,12.4,,,,Yes,No
2009-01-25,0.0,,,,No,No
2009-01-26,0.0,,,,No,No
2009-01-27,0.0,,,,No,No
2009-01-28,0.0,,,,No,No
2009-01-29,0.0,,,,No,No
2009-01-30,0.0,,,,No,No
2009-01-31,0.0,,,,No,No
2009-02-01,0.0,,,,No,No
2009-02-02,0.0,,,,No,No
2009-02-03,0.0,,,,No,No
2009-02-04,0.0,,,,No,No
2009-02-05,0.0,,,,No,No
2009-02-06,0.0,,,,No,No
2009-02-07,0.0,,,,No,No
2009-02-08,0.0,,,,No,No
2009-02-09,0.0,,,,No,No
2009-02-10,0.0,,,,No,No
2009-02-11,0.0,,,,No,No
2009-02-12,0.0,,,,No,Yes
2009-02-13,1.6,,,,Yes,No
2009-02-14,0.0,,,,No,No
2009-02-15,0.0,,,,No,No
2009-02-16,0.0,,,,No,No
2009-02-17,0.0,,,,No,No
2009-02-18,0.0,,,,No,No
2009-02-19,0.0,,,,No,No
2009-02-20,0.0,,,,No,No
2009-02-21,0.0,,,,No,No
2009-02-22,0.0,,,,No,No
2009-02-23,0.0,,,,No,Yes
2009-02-24,2.4,,,,Yes,No
2009-02-25,0.0,,,,No,No
2009-02-26,0.0,,,,No,No
2009-02-27,0.0,,,,No,No
2009-02-28,0.0,,,,No,No
2009-03-01,0.0,,,,No,No
2009-03-02,0.0,,,,No,No
2009-03-03,0.0,,,,No,No
2009-03-04,0.0,,,,No,No
2009-03-05,0.0,,,,No,No
2009-03-06,0.0,,,,No,No
2009-03-07,0.0,,,,No,No
2009-03-08,0.0,,,,No,No
2009-03-09,0.0,,,,No,No
2009-03-10,0.0,,,,No,No
2009-03-11,0.0,,,,No,No
2009-03-12,0.0,,,,No,No
2009-03-13,0.0,,,,No,No
2009-03-14,0.2,,,,No,Yes
2009-03-15,8.4,,,,Yes,No
2009-03-16,0.0,,,,No,No
2009-03-17,0.0,,,,No,No
2009-03-18,0.0,,,,No,No
2009-03-19,0.0,,,,No,No
2009-03-20,0.0,,,,No,No
2009-03-21,0.0,,,,No,No
2009-03-22,0.0,,,,No,No
2009-03-23,0.0,,,,No,No
2009-03-24,0.0,,,,No,No
2009-03-25,0.0,,,,No,No
2009-03-26,0.0,,,,No,No
2009-03-27,0.0,,,,No,No
2009-03-28,0.0,,,,No,No
2009-03-29,0.0,,,,No,No
2009-03-30,0.0,,,,No,No
2009-03-31,0.0,,,,No,No
2009-04-01,0.0,,,,No,No
2009-04-02,0.0,,,,No,No
2009-04-03,0.0,,,,No,Yes
2009-04-04,12.4,,,,Yes,No
2009-04-05,0.0,,,,No,No
2009-04-06,0.0,,,,No,No
2009-04-07,0.0,,,,No,No
2009-04-08,0.0,,,,No,No
2009-04-09,0.0,,,,No,No
2009-04-10,0.0,,,,No,No
2009-04-11,0.0,,,,No,Yes
2009-04-12,29.6,,,,Yes,No
2009-04-13,0.0,,,,No,Yes
2009-04-14,29.2,,,,Yes,Yes
2009-04-15,9.0,,,,Yes,No
2009-04-16,0.0,,,,No,No
2009-04-17,0.0,,,,No,No
2009-04-18,0.0,,,,No,No
2009-04-19,0.0,,,,No,No
2009-04-20,0.0,,,,No,No
2009-04-21,0.0,,,,No,No
2009-04-22,0.0,,,,No,No
2009-04-23,0.0,,,,No,No
2009-04-24,0.0,,,,No,Yes
2009-04-25,7.4,,,,Yes,Yes
2009-04-26,8.0,,,,Yes,Yes
2009-04-27,2.4,,,,Yes,No
2009-04-28,0.4,,,,No,No
2009-04-29,0.2,,,,No,No
2009-04-30,0.0,,,,No,No
2009-05-01,0.0,,,,No,No
2009-05-02,0.0,,,,No,No
2009-05-03,0.0,,,,No,No
2009-05-04,0.0,,,,No,No
2009-05-05,0.0,,,,No,No
2009-05-06,0.0,,,,No,No
2009-05-07,0.0,,,,No,No
2009-05-08,0.0,,,,No,No
2009-05-09,0.0,,,,No,No
2009-05-10,0.0,,,,No,No
2009-05-11,0.0,,,,No,No
2009-05-12,0.0,,,,No,No
2009-05-13,0.0,,,,No,No
2009-05-14,0.0,,,,No,No
2009-05-15,0.0,,,,No,Yes
2009-05-16,3.4,,,,Yes,No
2009-05-17,0.0,,,,No,No
2009-05-18,0.0,,,,No,No
2009-05-19,0.0,,,,No,No
2009-05-20,0.0,,,,No,No
2009-05-21,0.0,,,,No,Yes
2009-05-22,1.4,,,,Yes,No
2009-05-23,0.0,,,,No,No
2009-05-24,0.0,,,,No,No
2009-05-25,0.0,,,,No,No
2009-05-26,0.0,,,,No,No
2009-05-27,0.2,,,,No,No
2009-05-28,0.0,,,,No,No
2009-05-29,0.0,,,,No,No
2009-05-30,0.0,,,,No,No
2009-05-31,0.0,,,,No,No
2009-06-01,0.0,,,,No,No
2009-06-02,0.0,,,,No,Yes
2009-06-03,2.0,,,,Yes,Yes
2009-06-04,12.6,,,,Yes,Yes
2009-06-05,1.6,,,,Yes,No
2009-06-06,0.0,,,,No,No
2009-06-07,0.4,,,,No,No
2009-06-08,0.2,,,,No,No
2009-06-09,0.0,,,,No,No
2009-06-10,0.0,,,,No,No
2009-06-11,0.0,,,,No,No
2009-06-12,0.2,,,,No,No
2009-06-13,0.0,,,,No,No
2009-06-14,0.2,,,,No,No
2009-06-15,0.6,,,,No,No
2009-06-16,0.0,,,,No,No
2009-06-17,0.0,,,,No,No
2009-06-18,0.0,,,,No,No
2009-06-19,0.0,,,,No,No
2009-06-20,0.0,,,,No,Yes
2009-06-21,6.2,,,,Yes,Yes
2009-06-22,1.2,,,,Yes,No
2009-06-23,0.2,,,,No,Yes
2009-06-24,1.6,,,,Yes,No
2009-06-25,0.2,,,,No,
2009-06-26,,,,,,No
2009-06-27,0.0,,,,No,Yes
2009-06-28,1.2,,,,Yes,No
2009-06-29,0.0,,,,No,No
2009-06-30,0.0,,,,No,Yes
2009-07-01,14.4,,,,Yes,No
2009-07-02,1.0,,,,No,Yes
2009-07-03,5.6,,,,Yes,No
2009-07-04,0.0,,,,No,No
2009-07-05,0.0,,,,No,No
2009-07-06,0.0,,,,No,No
2009-07-07,0.0,,,,No,No
2009-07-08,0.2,,,,No,No
2009-07-09,0.0,,,,No,No
2009-07-10,0.0,,,,No,No
2009-07-11,0.0,,,,No,No
2009-07-12,0.0,,,,No,No
2009-07-13,0.0,,,,No,No
2009-07-14,1.0,,,,No,No
2009-07-15,0.0,,,,No,No
2009-07-16,0.6,,,,No,No
2009-07-17,0.0,,,,No,No
2009-07-18,0.0,,,,No,No
2009-07-19,0.0,,,,No,No
2009-07-20,0.0,,,,No,No
2009-07-21,0.0,,,,No,No
2009-07-22,0.4,,,,No,Yes
2009-07-23,2.8,,,,Yes,Yes
2009-07-24,2.6,,,,Yes,No
2009-07-25,0.0,,,,No,No
2009-07-26,0.0,,,,No,Yes
2009-07-27,4.6,,,,Yes,No
2009-07-28,0.0,,,,No,No
2009-07-29,0.0,,,,No,No
2009-07-30,0.2,,,,No,No
2009-07-31,0.0,,,,No,No
2009-08-01,0.0,,,,No,No
2009-08-02,0.0,,,,No,No
2009-08-03,0.0,,,,No,No
2009-08-04,0.0,,,,No,No
2009-08-05,0.0,,,,No,No
2009-08-06,0.0,,,,No,No
2009-08-07,0.0,,,,No,No
2009-08-08,0.0,,,,No,No
2009-08-09,0.0,,,,No,No
2009-08-10,0.0,,,,No,Yes
2009-08-11,1.6,,,,Yes,Yes
2009-08-12,4.0,,,,Yes,No
2009-08-13,0.0,,,,No,No
2009-08-14,0.0,,,,No,No
2009-08-15,0.2,,,,No,No
2009-08-16,0.0,,,,No,No
2009-08-17,0.8,,,,No,No
2009-08-18,0.0,,,,No,No
2009-08-19,0.0,,,,No,No
2009-08-20,0.0,,,,No,No
2009-08-21,0.0,,,,No,Yes
2009-08-22,12.8,,,,Yes,No
2009-08-23,0.6,,,,No,No
2009-08-24,0.0,,,,No,Yes
2009-08-25,2.0,,,,Yes,Yes
2009-08-26,1.2,,,,Yes,No
2009-08-27,0.0,,,,No,No
2009-08-28,0.0,,,,No,No
2009-08-29,1.0,,,,No,Yes
2009-08-30,7.6,,,,Yes,No
2009-08-31,0.0,,,,No,No
2009-09-01,0.4,,,,No,No
2009-09-02,0.0,,,,No,No
2009-09-03,0.0,,,,No,Yes
2009-09-04,2.0,,,,Yes,No
2009-09-05,0.0,,,,No,No
2009-09-06,0.0,,,,No,Yes
2009-09-07,5.4,,,,Yes,Yes
2009-09-08,12.6,,,,Yes,Yes
2009-09-09,4.0,,,,Yes,No
2009-09-10,0.0,,,,No,No
2009-09-11,0.0,,,,No,No
2009-09-12,0.0,,,,No,No
2009-09-13,0.0,,,,No,No
2009-09-14,0.0,,,,No,No
2009-09-15,0.0,,,,No,No
2009-09-16,0.0,,,,No,No
2009-09-17,0.0,,,,No,Yes
2009-09-18,7.0,,,,Yes,No
2009-09-19,0.0,,,,No,No
2009-09-20,0.0,,,,No,No
2009-09-21,0.0,,,,No,Yes
2009-09-22,10.4,,,,Yes,Yes
2009-09-23,15.8,,,,Yes,No
2009-09-24,0.0,,,,No,No
2009-09-25,0.0,,,,No,Yes
2009-09-26,2.4,,,,Yes,Yes
2009-09-27,5.6,,,,Yes,No
2009-09-28,0.0,,,,No,No
2009-09-29,0.0,,,,No,No
2009-09-30,0.0,,,,No,No
2009-10-01,0.0,,,,No,No
2009-10-02,0.0,,,,No,Yes
2009-10-03,26.8,,,,Yes,Yes
2009-10-04,1.4,,,,Yes,Yes
2009-10-05,1.8,,,,Yes,Yes
2009-10-06,3.6,,,,Yes,Yes
2009-10-07,2.4,,,,Yes,Yes
2009-10-08,4.0,,,,Yes,No
2009-10-09,0.0,,,,No,No
2009-10-10,0.0,,,,No,No
2009-10-11,0.0,,,,No,No
2009-10-12,0.0,,,,No,Yes
2009-10-13,2.0,,,,Yes,Yes
2009-10-14,4.4,,,,Yes,No
2009-10-15,0.0,,,,No,Yes
2009-10-16,3.0,,,,Yes,No
2009-10-17,0.0,,,,No,Yes
2009-10-18,7.0,,,,Yes,No
2009-10-19,0.0,,,,No,No
2009-10-20,0.0,,,,No,No
2009-10-21,0.0,,,,No,No
2009-10-22,0.0,,,,No,No
2009-10-23,0.0,,,,No,No
2009-10-24,0.0,,,,No,No
2009-10-25,0.0,,,,No,Yes
2009-10-26,16.0,,,,Yes,No
2009-10-27,0.0,,,,No,No
2009-10-28,0.0,,,,No,Yes
2009-10-29,1.2,,,,Yes,No
2009-10-30,0.4,,,,No,Yes
2009-10-31,1.2,,,,Yes,No
2009-11-01,0.2,,,,No,Yes
2009-11-02,3.4,,,,Yes,No
2009-11-03,0.2,,,,No,No
2009-11-04,0.0,,,,No,No
2009-11-05,0.0,,,,No,No
2009-11-06,0.0,,,,No,No
2009-11-07,0.0,,,,No,No
2009-11-08,0.0,,,,No,No
2009-11-09,0.0,,,,No,No
2009-11-10,0.0,,,,No,No
2009-11-11,0.0,,,,No,No
2009-11-12,0.0,,,,No,No
2009-11-13,0.6,,,,No,No
2009-11-14,0.0,,,,No,No
2009-11-15,0.0,,,,No,No
2009-11-16,0.0,,,,No,No
2009-11-17,0.0,,,,No,No
2009-11-18,0.0,,,,No,No
2009-11-19,0.0,,,,No,No
2009-11-20,0.0,,,,No,No
2009-11-21,0.0,,,,No,No
2009-11-22,0.0,,,,No,No
2009-11-23,0.0,,,,No,Yes
2009-11-24,1.6,,,,Yes,No
2009-11-25,0.0,,,,No,No
2009-11-26,0.0,,,,No,Yes
2009-11-27,6.8,,,,Yes,No
2009-11-28,0.0,,,,No,No
2009-11-29,0.0,,,,No,No
2009-11-30,0.0,,,,No,Yes
2009-12-01,1.6,,,,Yes,No
2009-12-02,0.0,,,,No,No
2009-12-03,0.0,,,,No,No
2009-12-04,0.0,,,,No,No
2009-12-05,0.0,,,,No,No
2009-12-06,0.0,,,,No,No
2009-12-07,0.0,,,,No,No
2009-12-08,0.0,,,,No,Yes
2009-12-09,9.6,,,,Yes,No
2009-12-10,0.2,,,,No,No
2009-12-11,0.0,,,,No,
2009-12-12,,,,,,No
2009-12-13,0.0,,,,No,No
2009-12-14,0.0,,,,No,No
2009-12-15,0.0,,,,No,No
2009-12-16,0.0,,,,No,No
2009-12-17,0.0,,,,No,Yes
2009-12-18,3.6,,,,Yes,No
2009-12-19,0.0,,,,No,No
2009-12-20,0.0,,,,No,No
2009-12-21,0.0,,,,No,No
2009-12-22,0.0,,,,No,No
2009-12-23,0.0,,,,No,No
2009-12-24,0.0,,,,No,Yes
2009-12-25,16.4,,,,Yes,Yes
2009-12-26,30.6,,,,Yes,No
2009-12-27,0.4,,,,No,Yes
2009-12-28,35.6,,,,Yes,No
2009-12-29,0.4,,,,No,No
2009-12-30,0.0,,,,No,No
2009-12-31,0.0,,,,No,No
2010-01-01,0.4,,,,No,No
2010-01-02,0.0,,,,No,Yes
2010-01-03,3.6,,,,Yes,No
2010-01-04,0.0,,,,No,No
2010-01-05,0.0,,,,No,No
2010-01-06,0.0,,,,No,No
2010-01-07,0.0,,,,No,No
2010-01-08,0.0,,,,No,No
2010-01-09,0.0,,,,No,No
2010-01-10,0.0,,,,No,No
2010-01-11,0.0,,,,No,No
2010-01-12,0.0,,,,No,No
2010-01-13,0.0,,,,No,No
2010-01-14,0.0,,,,No,No
2010-01-15,0.0,,,,No,No
2010-01-16,0.0,,,,No,Yes
2010-01-17,2.6,,,,Yes,No
2010-01-18,0.0,,,,No,No
2010-01-19,0.0,,,,No,No
2010-01-20,0.0,,,,No,No
2010-01-21,0.0,,,,No,No
2010-01-22,0.0,,,,No,No
2010-01-23,0.0,,,,No,No
2010-01-24,0.0,,,,No,No
2010-01-25,0.0,,,,No,No
2010-01-26,0.0,,,,No,No
2010-01-27,0.0,,,,No,No
2010-01-28,0.0,,,,No,No
2010-01-29,0.0,,,,No,No
2010-01-30,0.0,,,,No,No
2010-01-31,0.0,,,,No,No
2010-02-01,0.0,,,,No,No
2010-02-02,0.0,,,,No,
2010-02-03,,,,,,No
2010-02-04,0.4,,,,No,Yes
2010-02-05,6.0,,,,Yes,Yes
2010-02-06,26.2,,,,Yes,No
2010-02-07,0.0,,,,No,
2010-02-08,,,,,,No
2010-02-09,0.0,,,,No,No
2010-02-10,0.0,,,,No,
2010-02-11,,,,,,Yes
2010-02-12,1.6,,,,Yes,Yes
2010-02-13,36.2,,,,Yes,Yes
2010-02-14,54.0,,,,Yes,Yes
2010-02-15,35.8,,,,Yes,Yes
2010-02-16,2.4,,,,Yes,No
2010-02-17,0.0,,,,No,No
2010-02-18,0.0,,,,No,No
2010-02-19,0.0,,,,No,
2010-02-20,,,,,,No
2010-02-21,0.0,,,,No,No
2010-02-22,0.0,,,,No,No
2010-02-23,0.0,,,,No,No
2010-02-24,0.0,,,,No,No
2010-02-25,0.0,,,,No,No
2010-02-26,0.0,,,,No,No
2010-02-27,0.0,,,,No,No
2010-02-28,0.0,,,,No,No
2010-03-01,0.8,,,,No,No
2010-03-02,0.0,,,,No,
2010-03-03,,,,,,No
2010-03-04,0.0,,,,No,No
2010-03-05,0.0,,,,No,Yes
2010-03-06,27.0,,,,Yes,No
2010-03-07,0.0,,,,No,Yes
2010-03-08,53.6,,,,Yes,Yes
2010-03-09,2.2,,,,Yes,No
2010-03-10,0.0,,,,No,No
2010-03-11,0.0,,,,No,No
2010-03-12,0.0,,,,No,No
2010-03-13,0.0,,,,No,No
2010-03-14,0.0,,,,No,No
2010-03-15,0.0,,,,No,No
2010-03-16,0.0,,,,No,No
2010-03-17,0.0,,,,No,No
2010-03-18,0.0,,,,No,No
2010-03-19,0.0,,,,No,
2010-03-20,,,,,,No
2010-03-21,0.0,,,,No,No
2010-03-22,0.0,,,,No,No
2010-03-23,0.0,,,,No,No
2010-03-24,0.0,,,,No,No
2010-03-25,0.0,,,,No,No
2010-03-26,0.0,,,,No,No
2010-03-27,0.0,,,,No,No
2010-03-28,0.0,,,,No,Yes
2010-03-29,5.8,,,,Yes,Yes
2010-03-30,2.0,,,,Yes,Yes
2010-03-31,21.4,,,,Yes,No
2010-04-01,0.2,,,,No,No
2010-04-02,0.0,,,,No,No
2010-04-03,0.0,,,,No,No
2010-04-04,0.4,,,,No,No
2010-04-05,0.0,,,,No,No
2010-04-06,0.0,,,,No,Yes
2010-04-07,3.0,,,,Yes,No
2010-04-08,0.2,,,,No,No
2010-04-09,0.0,,,,No,No
2010-04-10,0.0,,,,No,No
2010-04-11,1.0,,,,No,No
2010-04-12,0.0,,,,No,No
2010-04-13,0.0,,,,No,No
2010-04-14,0.0,,,,No,No
2010-04-15,0.0,,,,No,No
2010-04-16,0.0,,,,No,No
2010-04-17,0.0,,,,No,No
2010-04-18,0.0,,,,No,No
2010-04-19,0.0,,,,No,No
2010-04-20,0.0,,,,No,No
2010-04-21,0.0,,,,No,No
2010-04-22,0.0,,,,No,No
2010-04-23,0.0,,,,No,Yes
2010-04-24,3.6,,,,Yes,Yes
2010-04-25,12.2,,,,Yes,No
2010-04-26,0.8,,,,No,No
2010-04-27,0.0,,,,No,No
2010-04-28,0.0,,,,No,No
2010-04-29,0.0,,,,No,No
2010-04-30,0.0,,,,No,No
2010-05-01,0.0,,,,No,No
2010-05-02,0.0,,,,No,No
2010-05-03,0.0,,,,No,No
2010-05-04,0.0,,,,No,Yes
2010-05-05,16.6,,,,Yes,No
2010-05-06,0.0,,,,No,No
2010-05-07,0.0,,,,No,No
2010-05-08,0.0,,,,No,No
2010-05-09,0.0,,,,No,No
2010-05-10,0.0,,,,No,
2010-05-11,,,,,,No
2010-05-12,0.0,,,,No,No
2010-05-13,0.0,,,,No,No
2010-05-14,0.0,,,,No,No
2010-05-15,0.0,,,,No,No
2010-05-16,0.0,,,,No,No
2010-05-17,0.0,,,,No,No
2010-05-18,0.0,,,,No,No
2010-05-19,0.0,,,,No,No
2010-05-20,0.0,,,,No,No
2010-05-21,0.0,,,,No,No
2010-05-22,0.0,,,,No,No
2010-05-23,0.0,,,,No,No
2010-05-24,0.0,,,,No,Yes
2010-05-25,1.6,,,,Yes,Yes
2010-05-26,6.8,,,,Yes,No
2010-05-27,0.2,,,,No,No
2010-05-28,0.0,,,,No,Yes
2010-05-29,10.8,,,,Yes,Yes
2010-05-30,17.8,,,,Yes,
2010-05-31,,,,,,No
2010-06-01,0.0,,,,No,No
2010-06-02,0.2,,,,No,No
2010-06-03,0.0,,,,No,No
2010-06-04,0.0,,,,No,No
2010-06-05,0.0,,,,No,No
2010-06-06,0.0,,,,No,No
2010-06-07,0.0,,,,No,No
2010-06-08,0.0,,,,No,No
2010-06-09,0.0,,,,No,No
2010-06-10,0.0,,,,No,No
2010-06-11,0.0,,,,No,No
2010-06-12,0.0,,,,No,No
2010-06-13,0.2,,,,No,
2010-06-14,,,,,,No
2010-06-15,0.0,,,,No,No
2010-06-16,0.0,,,,No,Yes
2010-06-17,11.0,,,,Yes,
2010-06-18,,,,,,
2010-06-19,,,,,,No
2010-06-20,0.0,,,,No,No
2010-06-21,0.0,,,,No,No
2010-06-22,0.0,,,,No,No
2010-06-23,0.0,,,,No,Yes
2010-06-24,1.4,,,,Yes,No
2010-06-25,0.0,,,,No,Yes
2010-06-26,22.4,,,,Yes,No
2010-06-27,0.6,,,,No,
2010-06-28,,,,,,No
2010-06-29,0.0,,,,No,No
2010-06-30,0.2,,,,No,No
2010-07-01,0.0,,,,No,No
2010-07-02,0.0,,,,No,
2010-07-03,,,,,,No
2010-07-04,0.0,,,,No,No
2010-07-05,0.0,,,,No,Yes
2010-07-06,4.2,,,,Yes,No
2010-07-07,0.6,,,,No,No
2010-07-08,0.0,,,,No,No
2010-07-09,0.0,,,,No,No
2010-07-10,0.0,,,,No,No
2010-07-11,0.2,,,,No,No
2010-07-12,0.2,,,,No,
2010-07-13,,,,,,Yes
2010-07-14,31.2,,,,Yes,Yes
2010-07-15,6.8,,,,Yes,No
2010-07-16,0.0,,,,No,No
2010-07-17,0.0,,,,No,No
2010-07-18,0.0,,,,No,No
2010-07-19,0.2,,,,No,No
2010-07-20,0.2,,,,No,No
2010-07-21,0.0,,,,No,No
2010-07-22,0.0,,,,No,No
2010-07-23,0.0,,,,No,No
2010-07-24,0.0,,,,No,No
2010-07-25,0.0,,,,No,No
2010-07-26,0.0,,,,No,
2010-07-27,,,,,,No
2010-07-28,0.0,,,,No,Yes
2010-07-29,10.0,,,,Yes,No
2010-07-30,0.2,,,,No,No
2010-07-31,0.0,,,,No,No
2010-08-01,0.0,,,,No,Yes
2010-08-02,4.4,,,,Yes,No
2010-08-03,0.8,,,,No,No
2010-08-04,0.0,,,,No,No
2010-08-05,0.0,,,,No,
2010-08-06,,,,,,No
2010-08-07,0.0,,,,No,No
2010-08-08,0.0,,,,No,No
2010-08-09,0.0,,,,No,No
2010-08-10,0.2,,,,No,
2010-08-11,,,,,,
2010-08-12,,,,,,No
2010-08-13,0.0,,,,No,No
2010-08-14,0.0,,,,No,
2010-08-15,,,,,,Yes
2010-08-16,1.2,,,,Yes,No
2010-08-17,0.0,,,,No,No
2010-08-18,0.2,,,,No,Yes
2010-08-19,15.8,,,,Yes,No
2010-08-20,0.6,,,,No,No
2010-08-21,0.0,,,,No,No
2010-08-22,0.0,,,,No,No
2010-08-23,0.0,,,,No,No
2010-08-24,0.0,,,,No,No
2010-08-25,0.2,,,,No,Yes
2010-08-26,2.6,,,,Yes,No
2010-08-27,0.4,,,,No,No
2010-08-28,0.0,,,,No,No
2010-08-29,0.0,,,,No,No
2010-08-30,0.0,,,,No,
2010-08-31,,,,,,No
2010-09-01,0.0,,,,No,No
2010-09-02,0.0,,,,No,
2010-09-03,,,,,,Yes
2010-09-04,29.0,,,,Yes,Yes
2010-09-05,48.4,,,,Yes,No
2010-09-06,0.0,,,,No,No
2010-09-07,0.0,,,,No,No
2010-09-08,0.0,,,,No,No
2010-09-09,0.0,,,,No,Yes
2010-09-10,4.0,,,,Yes,No
2010-09-11,1.0,,,,No,No
2010-09-12,0.0,,,,No,No
2010-09-13,0.0,,,,No,No
2010-09-14,0.0,,,,No,Yes
2010-09-15,16.6,,,,Yes,No
2010-09-16,0.0,,,,No,No
2010-09-17,0.0,,,,No,No
2010-09-18,0.0,,,,No,No
2010-09-19,0.0,,,,No,No
2010-09-20,0.0,,,,No,No
2010-09-21,0.0,,,,No,No
2010-09-22,0.0,,,,No,No
2010-09-23,0.0,,,,No,No
2010-09-24,0.0,,,,No,No
2010-09-25,0.0,,,,No,No
2010-09-26,0.0,,,,No,No
2010-09-27,0.0,,,,No,No
2010-09-28,0.0,,,,No,No
2010-09-29,0.0,,,,No,No
2010-09-30,0.0,,,,No,No
2010-10-01,0.0,,,,No,No
2010-10-02,0.0,,,,No,Yes
2010-10-03,3.6,,,,Yes,Yes
2010-10-04,1.8,,,,Yes,No
2010-10-05,0.0,,,,No,Yes
2010-10-06,2.2,,,,Yes,Yes
2010-10-07,3.2,,,,Yes,No
2010-10-08,0.0,,,,No,No
2010-10-09,0.0,,,,No,No
2010-10-10,0.0,,,,No,No
2010-10-11,0.0,,,,No,No
2010-10-12,0.8,,,,No,Yes
2010-10-13,14.6,,,,Yes,Yes
2010-10-14,36.6,,,,Yes,Yes
2010-10-15,19.4,,,,Yes,Yes
2010-10-16,48.8,,,,Yes,No
2010-10-17,0.0,,,,No,No
2010-10-18,0.0,,,,No,No
2010-10-19,0.0,,,,No,No
2010-10-20,0.0,,,,No,No
2010-10-21,0.0,,,,No,No
2010-10-22,0.0,,,,No,No
2010-10-23,0.2,,,,No,Yes
2010-10-24,2.4,,,,Yes,No
2010-10-25,0.0,,,,No,No
2010-10-26,0.0,,,,No,No
2010-10-27,0.4,,,,No,No
2010-10-28,0.0,,,,No,No
2010-10-29,0.0,,,,No,No
2010-10-30,0.0,,,,No,Yes
2010-10-31,17.6,,,,Yes,No
2010-11-01,0.0,,,,No,Yes
2010-11-02,20.2,,,,Yes,Yes
2010-11-03,1.4,,,,Yes,No
2010-11-04,0.2,,,,No,Yes
2010-11-05,2.0,,,,Yes,No
2010-11-06,0.0,,,,No,Yes
2010-11-07,4.6,,,,Yes,Yes
2010-11-08,2.4,,,,Yes,Yes
2010-11-09,7.4,,,,Yes,No
2010-11-10,0.0,,,,No,Yes
2010-11-11,16.4,,,,Yes,No
2010-11-12,0.0,,,,No,No
2010-11-13,0.0,,,,No,Yes
2010-11-14,3.0,,,,Yes,Yes
2010-11-15,33.2,,,,Yes,No
2010-11-16,0.0,,,,No,No
2010-11-17,0.0,,,,No,No
2010-11-18,0.0,,,,No,No
2010-11-19,0.0,,,,No,No
2010-11-20,0.0,,,,No,No
2010-11-21,0.0,,,,No,No
2010-11-22,0.0,,,,No,No
2010-11-23,0.0,,,,No,No
2010-11-24,0.0,,,,No,No
2010-11-25,0.0,,,,No,No
2010-11-26,0.0,,,,No,No
2010-11-27,0.0,,,,No,Yes
2010-11-28,7.2,,,,Yes,Yes
2010-11-29,35.6,,,,Yes,Yes
2010-11-30,14.4,,,,Yes,Yes
2010-12-01,20.4,,,,Yes,Yes
2010-12-02,18.8,,,,Yes,Yes
2010-12-03,80.4,,,,Yes,Yes
2010-12-04,1.4,,,,Yes,Yes
2010-12-05,8.4,,,,Yes,No
2010-12-06,0.0,,,,No,No
2010-12-07,0.2,,,,No,No
2010-12-08,0.8,,,,No,Yes
2010-12-09,93.0,,,,Yes,Yes
2010-12-10,5.4,,,,Yes,No
2010-12-11,0.0,,,,No,No
2010-12-12,0.0,,,,No,No
2010-12-13,0.0,,,,No,No
2010-12-14,0.0,,,,No,No
2010-12-15,0.0,,,,No,Yes
2010-12-16,13.8,,,,Yes,No
2010-12-17,0.6,,,,No,No
2010-12-18,0.0,,,,No,Yes
2010-12-19,3.6,,,,Yes,Yes
2010-12-20,5.8,,,,Yes,No
2010-12-21,0.2,,,,No,No
2010-12-22,0.0,,,,No,No
2010-12-23,0.0,,,,No,No
2010-12-24,0.0,,,,No,No
2010-12-25,0.0,,,,No,No
2010-12-26,0.0,,,,No,No
2010-12-27,0.6,,,,No,No
2010-12-28,0.0,,,,No,No
2010-12-29,0.0,,,,No,No
2010-12-30,0.0,,,,No,No
2010-12-31,0.0,,,,No,No
2011-01-01,0.0,,,,No,Yes
2011-01-02,11.4,,,,Yes,No
2011-01-03,0.0,,,,No,No
2011-01-04,0.0,,,,No,No
2011-01-05,0.0,,,,No,Yes
2011-01-06,10.6,,,,Yes,No
2011-01-07,0.0,,,,No,No
2011-01-08,0.2,,,,No,No
2011-01-09,0.2,,,,No,Yes
2011-01-10,13.6,,,,Yes,Yes
2011-01-11,3.0,,,,Yes,Yes
2011-01-12,6.0,,,,Yes,Yes
2011-01-13,12.8,,,,Yes,Yes
2011-01-14,3.6,,,,Yes,Yes
2011-01-15,1.8,,,,Yes,No
2011-01-16,0.2,,,,No,No
2011-01-17,0.0,,,,No,No
2011-01-18,0.0,,,,No,No
2011-01-19,0.0,,,,No,No
2011-01-20,0.0,,,,No,No
2011-01-21,0.0,,,,No,No
2011-01-22,0.0,,,,No,Yes
2011-01-23,7.2,,,,Yes,No
2011-01-24,0.0,,,,No,No
2011-01-25,0.0,,,,No,No
2011-01-26,0.0,,,,No,No
2011-01-27,0.0,,,,No,No
2011-01-28,0.0,,,,No,No
2011-01-29,0.0,,,,No,No
2011-01-30,0.0,,,,No,No
2011-01-31,0.0,,,,No,No
2011-02-01,0.0,,,,No,No
2011-02-02,0.0,,,,No,Yes
2011-02-03,83.6,,,,Yes,Yes
2011-02-04,15.8,,,,Yes,Yes
2011-02-05,37.4,,,,Yes,Yes
2011-02-06,1.2,,,,Yes,No
2011-02-07,0.4,,,,No,No
2011-02-08,0.0,,,,No,No
2011-02-09,0.0,,,,No,No
2011-02-10,0.0,,,,No,No
2011-02-11,0.0,,,,No,Yes
2011-02-12,12.0,,,,Yes,No
2011-02-13,0.0,,,,No,No
2011-02-14,0.0,,,,No,No
2011-02-15,0.0,,,,No,No
2011-02-16,0.2,,,,No,Yes
2011-02-17,30.0,,,,Yes,No
2011-02-18,0.2,,,,No,No
2011-02-19,0.0,,,,No,Yes
2011-02-20,10.6,,,,Yes,No
2011-02-21,0.0,,,,No,No
2011-02-22,0.0,,,,No,No
2011-02-23,0.2,,,,No,No
2011-02-24,0.0,,,,No,No
2011-02-25,0.0,,,,No,No
2011-02-26,0.0,,,,No,No
2011-02-27,0.0,,,,No,No
2011-02-28,0.4,,,,No,No
2011-03-01,0.8,,,,No,No
2011-03-02,0.0,,,,No,No
2011-03-03,0.0,,,,No,No
2011-03-04,0.0,,,,No,No
2011-03-05,0.6,,,,No,No
2011-03-06,0.0,,,,No,No
2011-03-07,0.0,,,,No,No
2011-03-08,0.0,,,,No,No
2011-03-09,0.0,,,,No,Yes
2011-03-10,4.4,,,,Yes,Yes
2011-03-11,30.8,,,,Yes,Yes
2011-03-12,2.2,,,,Yes,No
2011-03-13,0.0,,,,No,Yes
2011-03-14,8.4,,,,Yes,Yes
2011-03-15,4.0,,,,Yes,No
2011-03-16,0.0,,,,No,Yes
2011-03-17,5.6,,,,Yes,No
2011-03-18,0.2,,,,No,No
2011-03-19,0.0,,,,No,No
2011-03-20,0.4,,,,No,Yes
2011-03-21,1.2,,,,Yes,Yes
2011-03-22,16.4,,,,Yes,No
2011-03-23,0.0,,,,No,No
2011-03-24,0.0,,,,No,No
2011-03-25,0.0,,,,No,No
2011-03-26,0.0,,,,No,No
2011-03-27,0.0,,,,No,No
2011-03-28,0.0,,,,No,No
2011-03-29,0.0,,,,No,No
2011-03-30,0.4,,,,No,Yes
2011-03-31,2.8,,,,Yes,No
2011-05-01,0.0,,,,No,No
2011-05-02,0.0,,,,No,No
2011-05-03,0.6,,,,No,No
2011-05-04,0.0,,,,No,No
2011-05-05,0.0,,,,No,No
2011-05-06,0.0,,,,No,No
2011-05-07,0.0,,,,No,No
2011-05-08,0.0,,,,No,No
2011-05-09,0.0,,,,No,No
2011-05-10,0.0,,,,No,No
2011-05-11,0.0,,,,No,No
2011-05-12,0.2,,,,No,No
2011-05-13,0.0,,,,No,No
2011-05-14,0.6,,,,No,No
2011-05-15,0.0,,,,No,No
2011-05-16,0.0,,,,No,No
2011-05-17,0.0,,,,No,No
2011-05-18,0.0,,,,No,No
2011-05-19,0.0,,,,No,No
2011-05-20,0.0,,,,No,No
2011-05-21,0.0,,,,No,No
2011-05-22,0.0,,,,No,Yes
2011-05-23,20.8,,,,Yes,Yes
2011-05-24,2.4,,,,Yes,No
2011-05-25,0.0,,,,No,No
2011-05-26,0.0,,,,No,No
2011-05-27,0.0,,,,No,No
2011-05-28,0.0,,,,No,No
2011-05-29,0.0,,,,No,No
2011-05-30,0.0,,,,No,No
2011-05-31,0.0,,,,No,No
2011-06-01,0.0,,,,No,No
2011-06-02,0.0,,,,No,No
2011-06-03,0.0,,,,No,No
2011-06-04,0.0,,,,No,No
2011-06-05,0.0,,,,No,No
2011-06-06,0.0,,,,No,No
2011-06-07,0.2,,,,No,No
2011-06-08,0.4,,,,No,No
2011-06-09,0.0,,,,No,No
2011-06-10,0.0,,,,No,No
2011-06-11,0.4,,,,No,No
2011-06-12,0.0,,,,No,No
2011-06-13,0.0,,,,No,No
2011-06-14,0.0,,,,No,No
2011-06-15,0.0,,,,No,No
2011-06-16,0.0,,,,No,No
2011-06-17,0.0,,,,No,No
2011-06-18,0.0,,,,No,No
2011-06-19,0.0,,,,No,No
2011-06-20,0.0,,,,No,No
2011-06-21,0.6,,,,No,Yes
2011-06-22,9.2,,,,Yes,No
2011-06-23,0.2,,,,No,No
2011-06-24,0.0,,,,No,No
2011-06-25,0.0,,,,No,No
2011-06-26,0.0,,,,No,No
2011-06-27,0.0,,,,No,No
2011-06-28,0.0,,,,No,No
2011-06-29,0.0,,,,No,No
2011-06-30,0.0,,,,No,No
2011-07-01,0.0,,,,No,No
2011-07-02,0.0,,,,No,No
2011-07-03,0.0,,,,No,Yes
2011-07-04,20.2,,,,Yes,Yes
2011-07-05,5.4,,,,Yes,No
2011-07-06,0.8,,,,No,Yes
2011-07-07,5.2,,,,Yes,No
2011-07-08,0.0,,,,No,No
2011-07-09,0.0,,,,No,No
2011-07-10,0.0,,,,No,Yes
2011-07-11,1.6,,,,Yes,No
2011-07-12,0.0,,,,No,No
2011-07-13,0.0,,,,No,No
2011-07-14,0.2,,,,No,No
2011-07-15,0.0,,,,No,No
2011-07-16,0.0,,,,No,No
2011-07-17,0.0,,,,No,No
2011-07-18,0.8,,,,No,Yes
2011-07-19,2.2,,,,Yes,No
2011-07-20,0.0,,,,No,No
2011-07-21,0.0,,,,No,No
2011-07-22,0.0,,,,No,No
2011-07-23,0.0,,,,No,No
2011-07-24,0.0,,,,No,Yes
2011-07-25,1.2,,,,Yes,No
2011-07-26,0.0,,,,No,No
2011-07-27,0.0,,,,No,No
2011-07-28,0.0,,,,No,No
2011-07-29,0.0,,,,No,No
2011-07-30,0.0,,,,No,No
2011-07-31,0.0,,,,No,No
2011-08-01,0.0,,,,No,No
2011-08-02,0.0,,,,No,No
2011-08-03,0.0,,,,No,No
2011-08-04,0.0,,,,No,No
2011-08-05,0.0,,,,No,No
2011-08-06,0.0,,,,No,Yes
2011-08-07,6.8,,,,Yes,No
2011-08-08,0.8,,,,No,No
2011-08-09,0.4,,,,No,No
2011-08-10,0.0,,,,No,No
2011-08-11,1.0,,,,No,Yes
2011-08-12,2.6,,,,Yes,No
2011-08-13,0.0,,,,No,No
2011-08-14,0.0,,,,No,No
2011-08-15,0.0,,,,No,No
2011-08-16,0.0,,,,No,Yes
2011-08-17,1.6,,,,Yes,Yes
2011-08-18,47.0,,,,Yes,Yes
2011-08-19,1.8,,,,Yes,No
2011-08-20,0.0,,,,No,No
2011-08-21,0.2,,,,No,No
2011-08-22,0.0,,,,No,No
2011-08-23,0.0,,,,No,No
2011-08-24,0.0,,,,No,No
2011-08-25,0.0,,,,No,No
2011-08-26,0.0,,,,No,No
2011-08-27,0.0,,,,No,No
2011-08-28,0.0,,,,No,No
2011-08-29,0.0,,,,No,No
2011-08-30,0.0,,,,No,No
2011-08-31,0.0,,,,No,No
2011-09-01,0.0,,,,No,No
2011-09-02,0.0,,,,No,No
2011-09-03,0.0,,,,No,No
2011-09-04,0.0,,,,No,Yes
2011-09-05,1.2,,,,Yes,No
2011-09-06,0.4,,,,No,Yes
2011-09-07,9.0,,,,Yes,No
2011-09-08,0.2,,,,No,No
2011-09-09,0.0,,,,No,No
2011-09-10,1.0,,,,No,No
2011-09-11,0.0,,,,No,No
2011-09-12,0.8,,,,No,No
2011-09-13,0.0,,,,No,No
2011-09-14,0.0,,,,No,No
2011-09-15,0.0,,,,No,No
2011-09-16,0.0,,,,No,No
2011-09-17,0.0,,,,No,No
2011-09-18,0.0,,,,No,No
2011-09-19,0.0,,,,No,No
2011-09-20,0.2,,,,No,Yes
2011-09-21,1.4,,,,Yes,No
2011-09-22,0.0,,,,No,No
2011-09-23,0.0,,,,No,No
2011-09-24,0.0,,,,No,Yes
2011-09-25,10.4,,,,Yes,No
2011-09-26,0.0,,,,No,No
2011-09-27,0.0,,,,No,No
2011-09-28,0.0,,,,No,Yes
2011-09-29,14.0,,,,Yes,Yes
2011-09-30,1.8,,,,Yes,No
2011-10-01,0.0,,,,No,Yes
2011-10-02,1.4,,,,Yes,Yes
2011-10-03,7.2,,,,Yes,No
2011-10-04,0.0,,,,No,No
2011-10-05,0.0,,,,No,No
2011-10-06,0.0,,,,No,Yes
2011-10-07,11.4,,,,Yes,Yes
2011-10-08,2.2,,,,Yes,No
2011-10-09,0.0,,,,No,No
2011-10-10,0.2,,,,No,No
2011-10-11,0.0,,,,No,No
2011-10-12,0.0,,,,No,No
2011-10-13,0.0,,,,No,No
2011-10-14,0.0,,,,No,No
2011-10-15,0.8,,,,No,No
2011-10-16,0.0,,,,No,No
2011-10-17,0.0,,,,No,No
2011-10-18,0.0,,,,No,No
2011-10-19,0.0,,,,No,No
2011-10-20,0.0,,,,No,No
2011-10-21,0.0,,,,No,No
2011-10-22,0.0,,,,No,No
2011-10-23,0.0,,,,No,No
2011-10-24,0.0,,,,No,Yes
2011-10-25,10.8,,,,Yes,Yes
2011-10-26,5.8,,,,Yes,No
2011-10-27,0.0,,,,No,No
2011-10-28,0.0,,,,No,Yes
2011-10-29,1.2,,,,Yes,No
2011-10-30,0.0,,,,No,No
2011-10-31,0.0,,,,No,No
2011-11-01,0.0,,,,No,No
2011-11-02,0.0,,,,No,No
2011-11-03,0.0,,,,No,No
2011-11-04,0.0,,,,No,No
2011-11-05,0.0,,,,No,No
2011-11-06,0.0,,,,No,No
2011-11-07,0.0,,,,No,Yes
2011-11-08,2.4,,,,Yes,Yes
2011-11-09,12.4,,,,Yes,Yes
2011-11-10,15.8,,,,Yes,Yes
2011-11-11,2.6,,,,Yes,No
2011-11-12,0.0,,,,No,No
2011-11-13,0.0,,,,No,No
2011-11-14,0.0,,,,No,No
2011-11-15,0.0,,,,No,No
2011-11-16,0.0,,,,No,No
2011-11-17,0.0,,,,No,No
2011-11-18,0.0,,,,No,No
2011-11-19,0.0,,,,No,Yes
2011-11-20,5.0,,,,Yes,Yes
2011-11-21,3.8,,,,Yes,No
2011-11-22,0.0,,,,No,Yes
2011-11-23,5.6,,,,Yes,No
2011-11-24,0.0,,,,No,Yes
2011-11-25,2.8,,,,Yes,Yes
2011-11-26,91.6,,,,Yes,Yes
2011-11-27,2.4,,,,Yes,No
2011-11-28,0.0,,,,No,No
2011-11-29,0.0,,,,No,Yes
2011-11-30,45.8,,,,Yes,Yes
2011-12-01,18.2,,,,Yes,No
2011-12-02,0.0,,,,No,No
2011-12-03,0.0,,,,No,Yes
2011-12-04,2.6,,,,Yes,No
2011-12-05,0.0,,,,No,No
2011-12-06,0.0,,,,No,No
2011-12-07,0.0,,,,No,No
2011-12-08,0.0,,,,No,No
2011-12-09,0.0,,,,No,No
2011-12-10,0.0,,,,No,Yes
2011-12-11,5.8,,,,Yes,Yes
2011-12-12,44.8,,,,Yes,Yes
2011-12-13,7.6,,,,Yes,No
2011-12-14,0.0,,,,No,No
2011-12-15,0.0,,,,No,No
2011-12-16,0.0,,,,No,No
2011-12-17,0.2,,,,No,No
2011-12-18,0.0,,,,No,Yes
2011-12-19,12.2,,,,Yes,Yes
2011-12-20,3.0,,,,Yes,Yes
2011-12-21,26.6,,,,Yes,No
2011-12-22,0.0,,,,No,No
2011-12-23,0.0,,,,No,No
2011-12-24,0.0,,,,No,No
2011-12-25,0.6,,,,No,Yes
2011-12-26,13.4,,,,Yes,No
2011-12-27,0.2,,,,No,Yes
2011-12-28,5.4,,,,Yes,No
2011-12-29,0.0,,,,No,No
2011-12-30,0.0,,,,No,No
2011-12-31,0.0,,,,No,No
2012-01-01,0.0,,,,No,No
2012-01-02,0.0,,,,No,No
2012-01-03,0.0,,,,No,No
2012-01-04,0.0,,,,No,No
2012-01-05,0.0,,,,No,No
2012-01-06,0.0,,,,No,No
2012-01-07,0.0,,,,No,Yes
2012-01-08,1.4,,,,Yes,No
2012-01-09,0.2,,,,No,No
2012-01-10,0.0,,,,No,No
2012-01-11,0.0,,,,No,No
2012-01-12,0.6,,,,No,No
2012-01-13,0.0,,,,No,No
2012-01-14,0.4,,,,No,No
2012-01-15,0.6,,,,No,No
2012-01-16,0.2,,,,No,No
2012-01-17,0.0,,,,No,No
2012-01-18,0.0,,,,No,No
2012-01-19,0.0,,,,No,No
2012-01-20,0.0,,,,No,Yes
2012-01-21,42.2,,,,Yes,Yes
2012-01-22,2.0,,,,Yes,No
2012-01-23,0.0,,,,No,No
2012-01-24,0.0,,,,No,No
2012-01-25,0.0,,,,No,No
2012-01-26,0.2,,,,No,Yes
2012-01-27,4.4,,,,Yes,No
2012-01-28,0.0,,,,No,No
2012-01-29,0.0,,,,No,Yes
2012-01-30,32.8,,,,Yes,
2012-02-01,,,,,,No
2012-02-02,0.0,,,,No,Yes
2012-02-03,22.6,,,,Yes,Yes
2012-02-04,6.0,,,,Yes,No
2012-02-05,0.0,,,,No,No
2012-02-06,0.0,,,,No,No
2012-02-07,0.0,,,,No,No
2012-02-08,0.0,,,,No,No
2012-02-09,0.0,,,,No,Yes
2012-02-10,5.2,,,,Yes,Yes
2012-02-11,10.4,,,,Yes,Yes
2012-02-12,12.4,,,,Yes,No
2012-02-13,0.0,,,,No,No
2012-02-14,0.0,,,,No,Yes
2012-02-15,8.0,,,,Yes,No
2012-02-16,0.0,,,,No,Yes
2012-02-17,4.0,,,,Yes,Yes
2012-02-18,12.8,,,,Yes,Yes
2012-02-19,2.6,,,,Yes,No
2012-02-20,0.0,,,,No,Yes
2012-02-21,11.4,,,,Yes,No
2012-02-22,0.4,,,,No,No
2012-02-23,0.0,,,,No,No
2012-02-24,0.0,,,,No,No
2012-02-25,0.0,,,,No,No
2012-02-26,0.0,,,,No,Yes
2012-02-27,1.6,,,,Yes,Yes
2012-02-28,7.6,,,,Yes,Yes
2012-02-29,41.2,,,,Yes,Yes
2012-03-01,84.2,,,,Yes,Yes
2012-03-02,41.8,,,,Yes,No
2012-03-03,0.8,,,,No,Yes
2012-03-04,87.6,,,,Yes,Yes
2012-03-05,7.4,,,,Yes,Yes
2012-03-06,4.2,,,,Yes,Yes
2012-03-07,6.6,,,,Yes,No
2012-03-08,0.0,,,,No,Yes
2012-03-09,3.8,,,,Yes,No
2012-03-10,0.0,,,,No,No
2012-03-11,0.0,,,,No,No
2012-03-12,0.0,,,,No,No
2012-03-13,0.0,,,,No,No
2012-03-14,0.0,,,,No,No
2012-03-15,0.0,,,,No,No
2012-03-16,0.0,,,,No,Yes
2012-03-17,3.2,,,,Yes,Yes
2012-03-18,11.8,,,,Yes,No
2012-03-19,0.0,,,,No,No
2012-03-20,0.0,,,,No,No
2012-03-21,0.0,,,,No,No
2012-03-22,0.0,,,,No,No
2012-03-23,0.0,,,,No,No
2012-03-24,0.0,,,,No,No
2012-03-25,0.0,,,,No,No
2012-03-26,0.0,,,,No,No
2012-03-27,0.0,,,,No,Yes
2012-03-28,17.4,,,,Yes,No
2012-03-29,0.8,,,,No,No
2012-03-30,0.0,,,,No,No
2012-03-31,0.0,,,,No,No
2012-04-01,0.0,,,,No,No
2012-04-02,0.2,,,,No,No
2012-04-03,0.0,,,,No,No
2012-04-04,0.0,,,,No,No
2012-04-05,0.0,,,,No,No
2012-04-06,0.0,,,,No,No
2012-04-07,0.0,,,,No,No
2012-04-08,0.0,,,,No,No
2012-04-09,0.0,,,,No,No
2012-04-10,0.0,,,,No,No
2012-04-11,0.0,,,,No,No
2012-04-12,0.0,,,,No,No
2012-04-13,0.0,,,,No,No
2012-04-14,0.0,,,,No,No
2012-04-15,0.0,,,,No,No
2012-04-16,0.0,,,,No,No
2012-04-17,0.0,,,,No,No
2012-04-18,0.8,,,,No,Yes
2012-04-19,14.2,,,,Yes,Yes
2012-04-20,28.0,,,,Yes,No
2012-04-21,0.0,,,,No,No
2012-04-22,0.0,,,,No,No
2012-04-23,0.4,,,,No,Yes
2012-04-24,1.2,,,,Yes,No
2012-04-25,0.6,,,,No,No
2012-04-26,0.0,,,,No,No
2012-04-27,0.2,,,,No,No
2012-04-28,0.0,,,,No,No
2012-04-29,0.0,,,,No,No
2012-04-30,0.0,,,,No,No
2012-05-01,0.0,,,,No,No
2012-05-02,0.0,,,,No,Yes
2012-05-03,4.4,,,,Yes,No
2012-05-04,0.0,,,,No,No
2012-05-05,0.0,,,,No,No
2012-05-06,0.0,,,,No,No
2012-05-07,0.0,,,,No,No
2012-05-08,0.0,,,,No,No
2012-05-09,0.0,,,,No,No
2012-05-10,0.0,,,,No,No
2012-05-11,0.0,,,,No,No
2012-05-12,0.2,,,,No,No
2012-05-13,0.0,,,,No,No
2012-05-14,0.0,,,,No,No
2012-05-15,0.0,,,,No,No
2012-05-16,0.0,,,,No,No
2012-05-17,0.0,,,,No,No
2012-05-18,0.0,,,,No,No
2012-05-19,0.0,,,,No,No
2012-05-20,0.0,,,,No,No
2012-05-21,0.0,,,,No,No
2012-05-22,0.0,,,,No,No
2012-05-23,0.0,,,,No,No
2012-05-24,0.0,,,,No,Yes
2012-05-25,22.4,,,,Yes,No
2012-05-26,0.6,,,,No,No
2012-05-27,0.0,,,,No,No
2012-05-28,0.0,,,,No,No
2012-05-29,0.0,,,,No,No
2012-05-30,0.2,,,,No,No
2012-05-31,0.0,,,,No,No
2012-06-01,0.0,,,,No,Yes
2012-06-02,1.6,,,,Yes,Yes
2012-06-03,20.8,,,,Yes,No
2012-06-04,0.0,,,,No,Yes
2012-06-05,9.2,,,,Yes,Yes
2012-06-06,3.2,,,,Yes,No
2012-06-07,0.0,,,,No,No
2012-06-08,0.0,,,,No,No
2012-06-09,0.0,,,,No,No
2012-06-10,0.0,,,,No,No
2012-06-11,0.0,,,,No,No
2012-06-12,0.0,,,,No,No
2012-06-13,0.0,,,,No,No
2012-06-14,0.0,,,,No,No
2012-06-15,0.0,,,,No,No
2012-06-16,0.0,,,,No,No
2012-06-17,0.4,,,,No,No
2012-06-18,0.0,,,,No,No
2012-06-19,0.0,,,,No,No
2012-06-20,0.0,,,,No,No
2012-06-21,0.0,,,,No,Yes
2012-06-22,7.0,,,,Yes,No
2012-06-23,0.0,,,,No,No
2012-06-24,0.2,,,,No,No
2012-06-25,0.0,,,,No,No
2012-06-26,0.0,,,,No,No
2012-06-27,0.0,,,,No,No
2012-06-28,0.0,,,,No,No
2012-06-29,0.0,,,,No,No
2012-06-30,0.2,,,,No,No
2012-07-01,0.4,,,,No,No
2012-07-02,0.0,,,,No,No
2012-07-03,0.0,,,,No,No
2012-07-04,0.0,,,,No,No
2012-07-05,0.0,,,,No,No
2012-07-06,0.0,,,,No,No
2012-07-07,0.0,,,,No,No
2012-07-08,0.0,,,,No,No
2012-07-09,0.0,,,,No,No
2012-07-10,0.0,,,,No,Yes
2012-07-11,27.0,,,,Yes,No
2012-07-12,0.0,,,,No,Yes
2012-07-13,10.2,,,,Yes,No
2012-07-14,0.0,,,,No,Yes
2012-07-15,1.2,,,,Yes,No
2012-07-16,0.0,,,,No,No
2012-07-17,0.0,,,,No,No
2012-07-18,0.0,,,,No,No
2012-07-19,0.0,,,,No,No
2012-07-20,0.0,,,,No,No
2012-07-21,0.0,,,,No,No
2012-07-22,0.0,,,,No,No
2012-07-23,0.0,,,,No,No
2012-07-24,0.0,,,,No,No
2012-07-25,0.0,,,,No,Yes
2012-07-26,3.0,,,,Yes,Yes
2012-07-27,2.2,,,,Yes,No
2012-07-28,0.0,,,,No,No
2012-07-29,0.0,,,,No,No
2012-07-30,0.0,,,,No,No
2012-07-31,0.0,,,,No,No
2012-08-01,0.0,,,,No,No
2012-08-02,0.0,,,,No,No
2012-08-03,0.0,,,,No,No
2012-08-04,0.0,,,,No,No
2012-08-05,0.0,,,,No,No
2012-08-06,0.0,,,,No,No
2012-08-07,0.0,,,,No,No
2012-08-08,0.0,,,,No,No
2012-08-09,0.0,,,,No,No
2012-08-10,0.0,,,,No,No
2012-08-11,0.0,,,,No,No
2012-08-12,0.0,,,,No,No
2012-08-13,0.0,,,,No,No
2012-08-14,0.0,,,,No,No
2012-08-15,0.0,,,,No,No
2012-08-16,0.0,,,,No,Yes
2012-08-17,3.6,,,,Yes,Yes
2012-08-18,5.6,,,,Yes,No
2012-08-19,0.0,,,,No,No
2012-08-20,0.0,,,,No,No
2012-08-21,0.0,,,,No,No
2012-08-22,0.0,,,,No,Yes
2012-08-23,4.2,,,,Yes,Yes
2012-08-24,13.2,,,,Yes,No
2012-08-25,0.8,,,,No,No
2012-08-26,0.0,,,,No,No
2012-08-27,0.0,,,,No,No
2012-08-28,0.0,,,,No,No
2012-08-29,0.2,,,,No,No
2012-08-30,0.0,,,,No,No
2012-08-31,0.0,,,,No,Yes
2012-09-01,1.4,,,,Yes,No
2012-09-02,0.0,,,,No,No
2012-09-03,0.0,,,,No,No
2012-09-04,0.0,,,,No,No
2012-09-05,0.0,,,,No,Yes
2012-09-06,2.2,,,,Yes,No
2012-09-07,0.0,,,,No,No
2012-09-08,0.0,,,,No,No
2012-09-09,0.0,,,,No,No
2012-09-10,0.0,,,,No,No
2012-09-11,0.0,,,,No,No
2012-09-12,0.0,,,,No,No
2012-09-13,0.0,,,,No,Yes
2012-09-14,5.4,,,,Yes,No
2012-09-15,0.0,,,,No,No
2012-09-16,0.0,,,,No,No
2012-09-17,0.0,,,,No,No
2012-09-18,0.0,,,,No,Yes
2012-09-19,2.6,,,,Yes,No
2012-09-20,0.0,,,,No,Yes
2012-09-21,1.2,,,,Yes,No
2012-09-22,0.0,,,,No,No
2012-09-23,0.0,,,,No,No
2012-09-24,0.0,,,,No,No
2012-09-25,0.0,,,,No,No
2012-09-26,0.0,,,,No,No
2012-09-27,0.0,,,,No,No
2012-09-28,0.2,,,,No,Yes
2012-09-29,27.4,,,,Yes,No
2012-09-30,0.0,,,,No,No
2012-10-01,0.0,,,,No,No
2012-10-02,0.0,,,,No,No
2012-10-03,0.0,,,,No,No
2012-10-04,0.0,,,,No,No
2012-10-05,0.0,,,,No,No
2012-10-06,0.2,,,,No,Yes
2012-10-07,10.0,,,,Yes,No
2012-10-08,0.0,,,,No,No
2012-10-09,0.0,,,,No,No
2012-10-10,0.0,,,,No,Yes
2012-10-11,19.6,,,,Yes,Yes
2012-10-12,20.2,,,,Yes,No
2012-10-13,0.0,,,,No,Yes
2012-10-14,8.4,,,,Yes,No
2012-10-15,0.0,,,,No,No
2012-10-16,0.0,,,,No,No
2012-10-17,0.0,,,,No,No
2012-10-18,0.0,,,,No,No
2012-10-19,0.0,,,,No,No
2012-10-20,0.0,,,,No,No
2012-10-21,0.0,,,,No,No
2012-10-22,0.0,,,,No,No
2012-10-23,0.0,,,,No,No
2012-10-24,0.0,,,,No,No
2012-10-25,0.0,,,,No,No
2012-10-26,0.0,,,,No,No
2012-10-27,0.0,,,,No,No
2012-10-28,0.0,,,,No,No
2012-10-29,0.0,,,,No,No
2012-10-30,0.0,,,,No,No
2012-10-31,0.2,,,,No,No
2012-11-01,0.0,,,,No,No
2012-11-02,0.0,,,,No,No
2012-11-03,0.0,,,,No,No
2012-11-04,0.0,,,,No,No
2012-11-05,0.0,,,,No,No
2012-11-06,0.0,,,,No,Yes
2012-11-07,9.8,,,,Yes,Yes
2012-11-08,17.2,,,,Yes,No
2012-11-09,0.4,,,,No,No
2012-11-10,0.0,,,,No,No
2012-11-11,0.0,,,,No,No
2012-11-12,0.0,,,,No,No
2012-11-13,0.0,,,,No,No
2012-11-14,0.0,,,,No,No
2012-11-15,0.0,,,,No,No
2012-11-16,0.0,,,,No,Yes
2012-11-17,3.8,,,,Yes,No
2012-11-18,0.0,,,,No,No
2012-11-19,0.0,,,,No,No
2012-11-20,0.0,,,,No,No
2012-11-21,0.0,,,,No,No
2012-11-22,0.0,,,,No,No
2012-11-23,0.0,,,,No,No
2012-11-24,0.0,,,,No,No
2012-11-25,0.0,,,,No,No
2012-11-26,0.0,,,,No,No
2012-11-27,0.0,,,,No,Yes
2012-11-28,8.2,,,,Yes,No
2012-11-29,0.0,,,,No,No
2012-11-30,0.0,,,,No,No
2013-01-01,0.0,,,,No,No
2013-01-02,0.0,,,,No,No
2013-01-03,0.0,,,,No,No
2013-01-04,0.0,,,,No,No
2013-01-05,0.0,,,,No,Yes
2013-01-06,1.4,,,,Yes,No
2013-01-07,0.8,,,,No,No
2013-01-08,0.0,,,,No,No
2013-01-09,0.0,,,,No,No
2013-01-10,0.4,,,,No,No
2013-01-11,0.0,,,,No,No
2013-01-12,0.0,,,,No,No
2013-01-13,0.0,,,,No,Yes
2013-01-14,5.4,,,,Yes,No
2013-01-15,0.0,,,,No,No
2013-01-16,0.0,,,,No,No
2013-01-17,0.0,,,,No,No
2013-01-18,0.0,,,,No,No
2013-01-19,0.0,,,,No,No
2013-01-20,0.0,,,,No,No
2013-01-21,0.0,,,,No,No
2013-01-22,0.0,,,,No,No
2013-01-23,0.0,,,,No,No
2013-01-24,0.0,,,,No,No
2013-01-25,0.0,,,,No,No
2013-01-26,0.0,,,,No,Yes
2013-01-27,65.2,,,,Yes,No
2013-01-28,0.8,,,,No,Yes
2013-01-29,14.0,,,,Yes,No
2013-01-30,0.0,,,,No,No
2013-01-31,0.0,,,,No,Yes
2013-03-01,9.2,,,,Yes,No
2013-03-02,0.0,,,,No,No
2013-03-03,0.0,,,,No,No
2013-03-04,0.0,,,,No,No
2013-03-05,0.0,,,,No,No
2013-03-06,0.0,,,,No,No
2013-03-07,0.0,,,,No,No
2013-03-08,0.0,,,,No,No
2013-03-09,0.0,,,,No,No
2013-03-10,0.0,,,,No,No
2013-03-11,1.0,,,,No,No
2013-03-12,0.0,,,,No,No
2013-03-13,0.0,,,,No,No
2013-03-14,0.0,,,,No,No
2013-03-15,0.2,,,,No,No
2013-03-16,0.0,,,,No,No
2013-03-17,0.0,,,,No,No
2013-03-18,0.0,,,,No,No
2013-03-19,0.0,,,,No,No
2013-03-20,0.0,,,,No,No
2013-03-21,0.8,,,,No,Yes
2013-03-22,10.0,,,,Yes,No
2013-03-23,0.0,,,,No,No
2013-03-24,0.0,,,,No,No
2013-03-25,0.0,,,,No,No
2013-03-26,0.0,,,,No,No
2013-03-27,0.0,,,,No,No
2013-03-28,0.0,,,,No,No
2013-03-29,1.0,,,,No,No
2013-03-30,0.0,,,,No,No
2013-03-31,0.0,,,,No,No
2013-04-01,0.0,,,,No,No
2013-04-02,0.0,,,,No,No
2013-04-03,0.2,,,,No,No
2013-04-04,0.0,,,,No,No
2013-04-05,0.0,,,,No,No
2013-04-06,0.0,,,,No,Yes
2013-04-07,6.6,,,,Yes,No
2013-04-08,0.6,,,,No,No
2013-04-09,0.0,,,,No,No
2013-04-10,0.0,,,,No,No
2013-04-11,0.0,,,,No,No
2013-04-12,0.0,,,,No,No
2013-04-13,0.0,,,,No,No
2013-04-14,0.0,,,,No,No
2013-04-15,0.0,,,,No,Yes
2013-04-16,1.8,,,,Yes,No
2013-04-17,0.0,,,,No,No
2013-04-18,0.0,,,,No,No
2013-04-19,0.0,,,,No,No
2013-04-20,0.4,,,,No,No
2013-04-21,0.0,,,,No,Yes
2013-04-22,3.4,,,,Yes,No
2013-04-23,0.0,,,,No,No
2013-04-24,0.0,,,,No,No
2013-04-25,0.0,,,,No,No
2013-04-26,0.0,,,,No,No
2013-04-27,0.0,,,,No,No
2013-04-28,0.0,,,,No,No
2013-04-29,0.0,,,,No,Yes
2013-04-30,2.2,,,,Yes,No
2013-05-01,0.0,,,,No,No
2013-05-02,0.0,,,,No,No
2013-05-03,0.0,,,,No,No
2013-05-04,0.0,,,,No,No
2013-05-05,0.0,,,,No,No
2013-05-06,0.0,,,,No,No
2013-05-07,0.0,,,,No,No
2013-05-08,0.0,,,,No,No
2013-05-09,0.0,,,,No,No
2013-05-10,0.0,,,,No,No
2013-05-11,0.0,,,,No,No
2013-05-12,0.0,,,,No,No
2013-05-13,0.2,,,,No,Yes
2013-05-14,6.4,,,,Yes,No
2013-05-15,1.0,,,,No,No
2013-05-16,0.4,,,,No,No
2013-05-17,0.0,,,,No,No
2013-05-18,0.0,,,,No,No
2013-05-19,0.0,,,,No,No
2013-05-20,0.0,,,,No,Yes
2013-05-21,1.6,,,,Yes,No
2013-05-22,0.0,,,,No,Yes
2013-05-23,2.4,,,,Yes,No
2013-05-24,0.0,,,,No,No
2013-05-25,0.0,,,,No,No
2013-05-26,0.2,,,,No,No
2013-05-27,0.0,,,,No,No
2013-05-28,0.0,,,,No,No
2013-05-29,0.0,,,,No,No
2013-05-30,0.0,,,,No,No
2013-05-31,0.4,,,,No,Yes
2013-06-01,1.4,,,,Yes,Yes
2013-06-02,23.8,,,,Yes,No
2013-06-03,0.0,,,,No,No
2013-06-04,0.0,,,,No,No
2013-06-05,0.0,,,,No,No
2013-06-06,0.0,,,,No,No
2013-06-07,0.0,,,,No,No
2013-06-08,0.0,,,,No,No
2013-06-09,0.0,,,,No,No
2013-06-10,0.2,,,,No,No
2013-06-11,0.0,,,,No,No
2013-06-12,0.0,,,,No,Yes
2013-06-13,19.2,,,,Yes,No
2013-06-14,0.2,,,,No,No
2013-06-15,0.0,,,,No,No
2013-06-16,0.0,,,,No,No
2013-06-17,0.0,,,,No,No
2013-06-18,0.0,,,,No,No
2013-06-19,0.0,,,,No,No
2013-06-20,0.0,,,,No,No
2013-06-21,0.0,,,,No,No
2013-06-22,0.0,,,,No,No
2013-06-23,0.2,,,,No,Yes
2013-06-24,1.8,,,,Yes,Yes
2013-06-25,30.6,,,,Yes,No
2013-06-26,0.0,,,,No,No
2013-06-27,0.0,,,,No,No
2013-06-28,0.0,,,,No,Yes
2013-06-29,2.2,,,,Yes,No
2013-06-30,0.2,,,,No,No
2013-07-01,0.0,,,,No,No
2013-07-02,0.0,,,,No,No
2013-07-03,0.2,,,,No,No
2013-07-04,0.0,,,,No,No
2013-07-05,0.6,,,,No,No
2013-07-06,0.0,,,,No,No
2013-07-07,0.0,,,,No,No
2013-07-08,0.0,,,,No,No
2013-07-09,0.0,,,,No,No
2013-07-10,0.0,,,,No,No
2013-07-11,0.0,,,,No,No
2013-07-12,0.2,,,,No,No
2013-07-13,0.0,,,,No,No
2013-07-14,0.0,,,,No,Yes
2013-07-15,5.2,,,,Yes,Yes
2013-07-16,4.6,,,,Yes,Yes
2013-07-17,3.4,,,,Yes,No
2013-07-18,1.0,,,,No,Yes
2013-07-19,6.6,,,,Yes,Yes
2013-07-20,17.0,,,,Yes,Yes
2013-07-21,5.8,,,,Yes,No
2013-07-22,0.0,,,,No,No
2013-07-23,0.0,,,,No,No
2013-07-24,0.0,,,,No,No
2013-07-25,0.0,,,,No,No
2013-07-26,0.0,,,,No,No
2013-07-27,0.0,,,,No,No
2013-07-28,0.0,,,,No,No
2013-07-29,0.0,,,,No,Yes
2013-07-30,3.6,,,,Yes,No
2013-07-31,0.0,,,,No,No
2013-08-01,0.0,,,,No,No
2013-08-02,0.0,,,,No,No
2013-08-03,0.2,,,,No,No
2013-08-04,0.0,,,,No,No
2013-08-05,0.0,,,,No,No
2013-08-06,0.8,,,,No,Yes
2013-08-07,2.4,,,,Yes,Yes
2013-08-08,1.6,,,,Yes,No
2013-08-09,0.0,,,,No,No
2013-08-10,0.0,,,,No,No
2013-08-11,0.0,,,,No,Yes
2013-08-12,3.0,,,,Yes,Yes
2013-08-13,2.0,,,,Yes,No
2013-08-14,0.0,,,,No,Yes
2013-08-15,1.8,,,,Yes,No
2013-08-16,0.0,,,,No,Yes
2013-08-17,4.4,,,,Yes,No
2013-08-18,0.0,,,,No,No
2013-08-19,0.0,,,,No,No
2013-08-20,0.0,,,,No,No
2013-08-21,0.0,,,,No,No
2013-08-22,0.0,,,,No,No
2013-08-23,1.0,,,,No,No
2013-08-24,0.0,,,,No,No
2013-08-25,0.0,,,,No,No
2013-08-26,0.0,,,,No,No
2013-08-27,0.0,,,,No,No
2013-08-28,0.0,,,,No,Yes
2013-08-29,6.8,,,,Yes,Yes
2013-08-30,6.2,,,,Yes,No
2013-08-31,0.0,,,,No,No
2013-09-01,0.0,,,,No,No
2013-09-02,0.0,,,,No,No
2013-09-03,0.0,,,,No,No
2013-09-04,0.0,,,,No,No
2013-09-05,0.0,,,,No,No
2013-09-06,0.0,,,,No,No
2013-09-07,0.0,,,,No,No
2013-09-08,0.0,,,,No,No
2013-09-09,0.0,,,,No,No
2013-09-10,0.0,,,,No,No
2013-09-11,0.0,,,,No,No
2013-09-12,0.0,,,,No,No
2013-09-13,0.0,,,,No,Yes
2013-09-14,12.6,,,,Yes,Yes
2013-09-15,1.8,,,,Yes,No
2013-09-16,0.0,,,,No,Yes
2013-09-17,76.2,,,,Yes,Yes
2013-09-18,14.8,,,,Yes,Yes
2013-09-19,2.2,,,,Yes,No
2013-09-20,0.0,,,,No,No
2013-09-21,0.0,,,,No,No
2013-09-22,0.0,,,,No,No
2013-09-23,0.2,,,,No,No
2013-09-24,0.0,,,,No,No
2013-09-25,0.0,,,,No,No
2013-09-26,0.0,,,,No,No
2013-09-27,0.0,,,,No,No
2013-09-28,0.0,,,,No,No
2013-09-29,0.0,,,,No,No
2013-09-30,0.0,,,,No,No
2013-10-01,0.0,,,,No,Yes
2013-10-02,1.2,,,,Yes,No
2013-10-03,0.0,,,,No,No
2013-10-04,0.0,,,,No,No
2013-10-05,0.0,,,,No,No
2013-10-06,0.0,,,,No,No
2013-10-07,0.0,,,,No,No
2013-10-08,0.2,,,,No,No
2013-10-09,0.0,,,,No,No
2013-10-10,0.0,,,,No,No
2013-10-11,0.0,,,,No,No
2013-10-12,0.0,,,,No,No
2013-10-13,0.0,,,,No,No
2013-10-14,0.8,,,,No,No
2013-10-15,0.0,,,,No,No
2013-10-16,0.0,,,,No,No
2013-10-17,0.0,,,,No,No
2013-10-18,0.0,,,,No,No
2013-10-19,0.0,,,,No,No
2013-10-20,0.0,,,,No,No
2013-10-21,0.0,,,,No,Yes
2013-10-22,5.4,,,,Yes,Yes
2013-10-23,4.4,,,,Yes,No
2013-10-24,0.0,,,,No,No
2013-10-25,0.0,,,,No,No
2013-10-26,0.0,,,,No,No
2013-10-27,0.0,,,,No,No
2013-10-28,0.0,,,,No,No
2013-10-29,0.0,,,,No,No
2013-10-30,0.0,,,,No,No
2013-10-31,0.0,,,,No,
2013-11-01,,,,,,No
2013-11-02,0.0,,,,No,No
2013-11-03,0.0,,,,No,No
2013-11-04,0.0,,,,No,No
2013-11-05,0.0,,,,No,No
2013-11-06,0.0,,,,No,No
2013-11-07,0.0,,,,No,No
2013-11-08,0.0,,,,No,Yes
2013-11-09,5.4,,,,Yes,No
2013-11-10,0.0,,,,No,Yes
2013-11-11,26.6,,,,Yes,Yes
2013-11-12,40.4,,,,Yes,No
2013-11-13,0.0,,,,No,No
2013-11-14,0.0,,,,No,No
2013-11-15,0.0,,,,No,Yes
2013-11-16,5.4,,,,Yes,No
2013-11-17,0.0,,,,No,No
2013-11-18,0.0,,,,No,No
2013-11-19,0.0,,,,No,No
2013-11-20,0.0,,,,No,No
2013-11-21,0.0,,,,No,Yes
2013-11-22,2.2,,,,Yes,No
2013-11-23,0.0,,,,No,No
2013-11-24,0.0,,,,No,No
2013-11-25,0.0,,,,No,No
2013-11-26,0.0,,,,No,No
2013-11-27,0.0,,,,No,No
2013-11-28,0.0,,,,No,No
2013-11-29,0.2,,,,No,No
2013-11-30,0.2,,,,No,
2013-12-01,,,,,,No
2013-12-02,0.0,,,,No,No
2013-12-03,0.0,,,,No,No
2013-12-04,0.0,,,,No,Yes
2013-12-05,10.8,,,,Yes,Yes
2013-12-06,1.2,,,,Yes,No
2013-12-07,0.0,,,,No,No
2013-12-08,0.0,,,,No,No
2013-12-09,0.0,,,,No,No
2013-12-10,0.0,,,,No,No
2013-12-11,0.0,,,,No,No
2013-12-12,0.0,,,,No,No
2013-12-13,0.0,,,,No,No
2013-12-14,0.0,,,,No,No
2013-12-15,0.0,,,,No,No
2013-12-16,0.2,,,,No,No
2013-12-17,0.0,,,,No,No
2013-12-18,0.0,,,,No,
2013-12-19,,,,,,No
2013-12-20,0.0,,,,No,No
2013-12-21,0.0,,,,No,No
2013-12-22,0.0,,,,No,No
2013-12-23,0.0,,,,No,No
2013-12-24,0.0,,,,No,No
2013-12-25,0.0,,,,No,No
2013-12-26,0.4,,,,No,Yes
2013-12-27,2.6,,,,Yes,No
2013-12-28,0.0,,,,No,No
2013-12-29,0.0,,,,No,No
2013-12-30,0.0,,,,No,No
2013-12-31,0.0,,,,No,No
2014-01-01,0.0,,,,No,No
2014-01-02,0.0,,,,No,No
2014-01-03,0.0,,,,No,No
2014-01-04,0.0,,,,No,No
2014-01-05,0.0,,,,No,No
2014-01-06,0.0,,,,No,No
2014-01-07,0.0,,,,No,No
2014-01-08,0.0,,,,No,No
2014-01-09,0.0,,,,No,No
2014-01-10,0.0,,,,No,No
2014-01-11,0.0,,,,No,No
2014-01-12,0.0,,,,No,No
2014-01-13,0.0,,,,No,No
2014-01-14,0.0,,,,No,No
2014-01-15,0.0,,,,No,
2014-01-16,,,,,,No
2014-01-17,0.0,,,,No,No
2014-01-18,0.0,,,,No,Yes
2014-01-19,8.0,,,,Yes,No
2014-01-20,0.2,,,,No,No
2014-01-21,0.0,,,,No,No
2014-01-22,0.0,,,,No,No
2014-01-23,0.0,,,,No,No
2014-01-24,0.0,,,,No,Yes
2014-01-25,5.0,,,,Yes,No
2014-01-26,0.0,,,,No,No
2014-01-27,0.0,,,,No,No
2014-01-28,0.0,,,,No,No
2014-01-29,0.0,,,,No,No
2014-01-30,0.0,,,,No,No
2014-01-31,0.0,,,,No,No
2014-02-01,0.0,,,,No,No
2014-02-02,0.0,,,,No,No
2014-02-03,0.0,,,,No,Yes
2014-02-04,1.2,,,,Yes,No
2014-02-05,0.0,,,,No,No
2014-02-06,0.0,,,,No,No
2014-02-07,0.0,,,,No,No
2014-02-08,0.0,,,,No,No
2014-02-09,0.0,,,,No,No
2014-02-10,0.0,,,,No,No
2014-02-11,0.0,,,,No,No
2014-02-12,0.0,,,,No,No
2014-02-13,0.0,,,,No,Yes
2014-02-14,9.6,,,,Yes,Yes
2014-02-15,5.6,,,,Yes,Yes
2014-02-16,26.6,,,,Yes,Yes
2014-02-17,25.6,,,,Yes,No
2014-02-18,0.0,,,,No,No
2014-02-19,0.0,,,,No,Yes
2014-02-20,81.8,,,,Yes,No
2014-02-21,0.0,,,,No,No
2014-02-22,0.0,,,,No,No
2014-02-23,0.0,,,,No,No
2014-02-24,0.0,,,,No,No
2014-02-25,0.0,,,,No,No
2014-02-26,0.2,,,,No,No
2014-02-27,0.2,,,,No,No
2014-02-28,0.0,,,,No,Yes
2014-03-01,1.4,,,,Yes,No
2014-03-02,0.4,,,,No,No
2014-03-03,0.0,,,,No,No
2014-03-04,0.0,,,,No,No
2014-03-05,0.0,,,,No,Yes
2014-03-06,2.0,,,,Yes,No
2014-03-07,0.0,,,,No,No
2014-03-08,0.0,,,,No,No
2014-03-09,0.0,,,,No,No
2014-03-10,0.2,,,,No,No
2014-03-11,0.0,,,,No,Yes
2014-03-12,11.8,,,,Yes,No
2014-03-13,0.0,,,,No,No
2014-03-14,0.0,,,,No,No
2014-03-15,0.0,,,,No,No
2014-03-16,0.0,,,,No,No
2014-03-17,0.0,,,,No,No
2014-03-18,0.0,,,,No,No
2014-03-19,0.0,,,,No,No
2014-03-20,0.0,,,,No,No
2014-03-21,0.0,,,,No,Yes
2014-03-22,3.8,,,,Yes,No
2014-03-23,0.0,,,,No,No
2014-03-24,0.0,,,,No,Yes
2014-03-25,5.2,,,,Yes,Yes
2014-03-26,3.2,,,,Yes,Yes
2014-03-27,29.4,,,,Yes,Yes
2014-03-28,7.6,,,,Yes,Yes
2014-03-29,2.6,,,,Yes,Yes
2014-03-30,2.6,,,,Yes,Yes
2014-03-31,1.6,,,,Yes,No
2014-04-01,0.0,,,,No,No
2014-04-02,0.0,,,,No,No
2014-04-03,0.0,,,,No,Yes
2014-04-04,48.6,,,,Yes,Yes
2014-04-05,26.4,,,,Yes,Yes
2014-04-06,6.6,,,,Yes,No
2014-04-07,0.0,,,,No,No
2014-04-08,0.0,,,,No,No
2014-04-09,0.0,,,,No,Yes
2014-04-10,3.8,,,,Yes,Yes
2014-04-11,14.0,,,,Yes,Yes
2014-04-12,7.0,,,,Yes,No
2014-04-13,0.0,,,,No,No
2014-04-14,0.0,,,,No,No
2014-04-15,0.0,,,,No,No
2014-04-16,0.0,,,,No,No
2014-04-17,0.0,,,,No,No
2014-04-18,0.0,,,,No,No
2014-04-19,0.0,,,,No,No
2014-04-20,0.0,,,,No,No
2014-04-21,0.0,,,,No,No
2014-04-22,0.0,,,,No,No
2014-04-23,0.0,,,,No,No
2014-04-24,0.0,,,,No,No
2014-04-25,0.0,,,,No,No
2014-04-26,0.0,,,,No,No
2014-04-27,0.0,,,,No,No
2014-04-28,0.0,,,,No,No
2014-04-29,0.0,,,,No,Yes
2014-04-30,4.8,,,,Yes,No
2014-05-01,0.0,,,,No,No
2014-05-02,0.0,,,,No,Yes
2014-05-03,1.4,,,,Yes,Yes
2014-05-04,1.6,,,,Yes,No
2014-05-05,0.2,,,,No,No
2014-05-06,0.0,,,,No,No
2014-05-07,0.0,,,,No,No
2014-05-08,0.0,,,,No,No
2014-05-09,0.0,,,,No,No
2014-05-10,0.0,,,,No,No
2014-05-11,0.4,,,,No,No
2014-05-12,0.0,,,,No,No
2014-05-13,0.0,,,,No,No
2014-05-14,0.0,,,,No,No
2014-05-15,0.0,,,,No,No
2014-05-16,0.0,,,,No,No
2014-05-17,0.0,,,,No,No
2014-05-18,0.0,,,,No,No
2014-05-19,0.0,,,,No,No
2014-05-20,0.0,,,,No,No
2014-05-21,0.0,,,,No,No
2014-05-22,0.0,,,,No,No
2014-05-23,0.0,,,,No,No
2014-05-24,0.2,,,,No,No
2014-05-25,0.0,,,,No,No
2014-05-26,0.0,,,,No,No
2014-05-27,0.0,,,,No,Yes
2014-05-28,14.6,,,,Yes,No
2014-05-29,0.0,,,,No,No
2014-05-30,0.0,,,,No,No
2014-05-31,0.0,,,,No,No
2014-06-01,0.6,,,,No,Yes
2014-06-02,12.0,,,,Yes,No
2014-06-03,0.6,,,,No,No
2014-06-04,0.0,,,,No,No
2014-06-05,0.0,,,,No,No
2014-06-06,0.0,,,,No,No
2014-06-07,0.0,,,,No,No
2014-06-08,0.0,,,,No,No
2014-06-09,0.0,,,,No,No
2014-06-10,0.0,,,,No,No
2014-06-11,0.0,,,,No,No
2014-06-12,0.0,,,,No,No
2014-06-13,0.0,,,,No,Yes
2014-06-14,12.4,,,,Yes,Yes
2014-06-15,14.4,,,,Yes,No
2014-06-16,0.2,,,,No,No
2014-06-17,0.2,,,,No,No
2014-06-18,0.0,,,,No,No
2014-06-19,0.2,,,,No,No
2014-06-20,0.0,,,,No,No
2014-06-21,0.2,,,,No,No
2014-06-22,0.0,,,,No,No
2014-06-23,0.0,,,,No,Yes
2014-06-24,12.6,,,,Yes,Yes
2014-06-25,10.0,,,,Yes,No
2014-06-26,0.0,,,,No,No
2014-06-27,0.0,,,,No,No
2014-06-28,0.0,,,,No,Yes
2014-06-29,17.6,,,,Yes,
2014-06-30,,,,,,No
2014-07-01,0.0,,,,No,No
2014-07-02,0.0,,,,No,No
2014-07-03,0.0,,,,No,No
2014-07-04,0.2,,,,No,No
2014-07-05,0.2,,,,No,No
2014-07-06,0.0,,,,No,No
2014-07-07,0.0,,,,No,No
2014-07-08,0.2,,,,No,No
2014-07-09,0.0,,,,No,Yes
2014-07-10,5.0,,,,Yes,No
2014-07-11,0.0,,,,No,No
2014-07-12,0.0,,,,No,No
2014-07-13,0.6,,,,No,No
2014-07-14,0.0,,,,No,No
2014-07-15,0.0,,,,No,Yes
2014-07-16,10.2,,,,Yes,No
2014-07-17,0.8,,,,No,
2014-07-18,,,,,,No
2014-07-19,0.0,,,,No,No
2014-07-20,0.0,,,,No,No
2014-07-21,0.0,,,,No,No
2014-07-22,0.0,,,,No,No
2014-07-23,0.0,,,,No,No
2014-07-24,0.0,,,,No,No
2014-07-25,0.6,,,,No,No
2014-07-26,0.2,,,,No,
2014-07-27,,,,,,No
2014-07-28,0.2,,,,No,No
2014-07-29,0.0,,,,No,No
2014-07-30,0.0,,,,No,No
2014-07-31,0.0,,,,No,No
2014-08-01,0.0,,,,No,Yes
2014-08-02,1.2,,,,Yes,No
2014-08-03,0.0,,,,No,No
2014-08-04,0.0,,,,No,No
2014-08-05,0.0,,,,No,No
2014-08-06,0.0,,,,No,No
2014-08-07,0.0,,,,No,No
2014-08-08,0.0,,,,No,No
2014-08-09,0.0,,,,No,No
2014-08-10,0.0,,,,No,No
2014-08-11,0.0,,,,No,No
2014-08-12,0.0,,,,No,No
2014-08-13,0.0,,,,No,No
2014-08-14,0.0,,,,No,No
2014-08-15,0.0,,,,No,No
2014-08-16,0.0,,,,No,Yes
2014-08-17,4.2,,,,Yes,Yes
2014-08-18,5.6,,,,Yes,No
2014-08-19,0.6,,,,No,No
2014-08-20,0.0,,,,No,No
2014-08-21,0.0,,,,No,No
2014-08-22,0.4,,,,No,No
2014-08-23,0.0,,,,No,No
2014-08-24,0.0,,,,No,No
2014-08-25,0.0,,,,No,Yes
2014-08-26,13.8,,,,Yes,Yes
2014-08-27,1.8,,,,Yes,No
2014-08-28,0.0,,,,No,No
2014-08-29,0.0,,,,No,No
2014-08-30,0.0,,,,No,No
2014-08-31,0.0,,,,No,No
2014-09-01,0.0,,,,No,No
2014-09-02,0.2,,,,No,No
2014-09-03,0.6,,,,No,No
2014-09-04,0.0,,,,No,No
2014-09-05,0.0,,,,No,No
2014-09-06,0.4,,,,No,No
2014-09-07,0.0,,,,No,No
2014-09-08,0.0,,,,No,No
2014-09-09,0.0,,,,No,Yes
2014-09-10,22.0,,,,Yes,No
2014-09-11,0.0,,,,No,No
2014-09-12,0.0,,,,No,No
2014-09-13,0.0,,,,No,No
2014-09-14,0.0,,,,No,No
2014-09-15,0.0,,,,No,Yes
2014-09-16,2.6,,,,Yes,No
2014-09-17,0.4,,,,No,No
2014-09-18,0.0,,,,No,No
2014-09-19,0.0,,,,No,No
2014-09-20,0.0,,,,No,No
2014-09-21,0.0,,,,No,No
2014-09-22,0.0,,,,No,No
2014-09-23,0.0,,,,No,No
2014-09-24,0.0,,,,No,Yes
2014-09-25,1.2,,,,Yes,Yes
2014-09-26,1.8,,,,Yes,No
2014-09-27,0.0,,,,No,No
2014-09-28,0.0,,,,No,No
2014-09-29,0.0,,,,No,No
2014-09-30,0.0,,,,No,No
2014-10-01,0.0,,,,No,No
2014-10-02,0.0,,,,No,No
2014-10-03,0.0,,,,No,No
2014-10-04,0.0,,,,No,No
2014-10-05,0.0,,,,No,No
2014-10-06,0.0,,,,No,Yes
2014-10-07,7.6,,,,Yes,No
2014-10-08,0.0,,,,No,No
2014-10-09,0.0,,,,No,No
2014-10-10,0.0,,,,No,
2014-10-11,,,,,,No
2014-10-12,0.0,,,,No,Yes
2014-10-13,4.8,,,,Yes,Yes
2014-10-14,14.4,,,,Yes,Yes
2014-10-15,7.6,,,,Yes,No
2014-10-16,0.0,,,,No,No
2014-10-17,0.0,,,,No,No
2014-10-18,0.0,,,,No,No
2014-10-19,0.0,,,,No,No
2014-10-20,0.0,,,,No,No
2014-10-21,0.0,,,,No,No
2014-10-22,0.0,,,,No,No
2014-10-23,0.0,,,,No,Yes
2014-10-24,2.2,,,,Yes,No
2014-10-25,0.0,,,,No,No
2014-10-26,0.2,,,,No,No
2014-10-27,0.0,,,,No,No
2014-10-28,0.0,,,,No,No
2014-10-29,0.0,,,,No,No
2014-10-30,0.0,,,,No,No
2014-10-31,0.0,,,,No,
2014-11-01,,,,,,No
2014-11-02,0.0,,,,No,No
2014-11-03,0.0,,,,No,No
2014-11-04,0.0,,,,No,No
2014-11-05,0.0,,,,No,No
2014-11-06,0.0,,,,No,No
2014-11-07,0.0,,,,No,No
2014-11-08,0.0,,,,No,No
2014-11-09,0.0,,,,No,No
2014-11-10,0.0,,,,No,No
2014-11-11,0.0,,,,No,No
2014-11-12,0.0,,,,No,No
2014-11-13,0.0,,,,No,No
2014-11-14,0.0,,,,No,No
2014-11-15,0.0,,,,No,Yes
2014-11-16,22.2,,,,Yes,No
2014-11-17,0.4,,,,No,No
2014-11-18,0.0,,,,No,No
2014-11-19,0.0,,,,No,No
2014-11-20,0.0,,,,No,No
2014-11-21,0.0,,,,No,No
2014-11-22,0.0,,,,No,No
2014-11-23,0.0,,,,No,No
2014-11-24,0.6,,,,No,Yes
2014-11-25,11.2,,,,Yes,No
2014-11-26,0.0,,,,No,No
2014-11-27,0.0,,,,No,No
2014-11-28,0.0,,,,No,No
2014-11-29,0.0,,,,No,Yes
2014-11-30,1.6,,,,Yes,Yes
2014-12-01,5.4,,,,Yes,No
2014-12-02,0.0,,,,No,No
2014-12-03,0.0,,,,No,Yes
2014-12-04,8.2,,,,Yes,Yes
2014-12-05,10.4,,,,Yes,No
2014-12-06,0.0,,,,No,Yes
2014-12-07,29.6,,,,Yes,No
2014-12-08,0.0,,,,No,No
2014-12-09,0.0,,,,No,No
2014-12-10,0.0,,,,No,Yes
2014-12-11,12.0,,,,Yes,No
2014-12-12,1.0,,,,No,No
2014-12-13,0.0,,,,No,No
2014-12-14,0.0,,,,No,Yes
2014-12-15,1.6,,,,Yes,Yes
2014-12-16,2.4,,,,Yes,No
2014-12-17,0.6,,,,No,No
2014-12-18,0.0,,,,No,No
2014-12-19,0.0,,,,No,No
2014-12-20,0.0,,,,No,No
2014-12-21,0.0,,,,No,No
2014-12-22,0.0,,,,No,Yes
2014-12-23,8.8,,,,Yes,Yes
2014-12-24,4.0,,,,Yes,No
2014-12-25,0.4,,,,No,Yes
2014-12-26,1.8,,,,Yes,No
2014-12-27,0.0,,,,No,No
2014-12-28,0.0,,,,No,No
2014-12-29,0.0,,,,No,Yes
2014-12-30,2.4,,,,Yes,No
2014-12-31,0.0,,,,No,No
2015-01-01,0.0,,,,No,No
2015-01-02,0.0,,,,No,No
2015-01-03,0.0,,,,No,No
2015-01-04,0.0,,,,No,Yes
2015-01-05,26.2,,,,Yes,Yes
2015-01-06,4.6,,,,Yes,No
2015-01-07,0.0,,,,No,No
2015-01-08,0.0,,,,No,Yes
2015-01-09,2.6,,,,Yes,Yes
2015-01-10,19.0,,,,Yes,Yes
2015-01-11,51.0,,,,Yes,Yes
2015-01-12,2.6,,,,Yes,No
2015-01-13,0.0,,,,No,Yes
2015-01-14,17.2,,,,Yes,No
2015-01-15,0.0,,,,No,No
2015-01-16,0.0,,,,No,No
2015-01-17,0.0,,,,No,No
2015-01-18,0.0,,,,No,No
2015-01-19,0.0,,,,No,No
2015-01-20,0.0,,,,No,No
2015-01-21,0.0,,,,No,Yes
2015-01-22,11.8,,,,Yes,No
2015-01-23,0.0,,,,No,No
2015-01-24,0.0,,,,No,Yes
2015-01-25,9.0,,,,Yes,No
2015-01-26,0.0,,,,No,No
2015-01-27,0.6,,,,No,No
2015-01-28,0.0,,,,No,No
2015-01-29,0.0,,,,No,No
2015-01-30,0.0,,,,No,No
2015-01-31,0.0,,,,No,No
2015-02-01,0.4,,,,No,Yes
2015-02-02,12.0,,,,Yes,No
2015-02-03,0.2,,,,No,No
2015-02-04,0.0,,,,No,No
2015-02-05,0.0,,,,No,No
2015-02-06,0.0,,,,No,No
2015-02-07,0.0,,,,No,No
2015-02-08,0.0,,,,No,No
2015-02-09,0.0,,,,No,No
2015-02-10,0.0,,,,No,No
2015-02-11,0.0,,,,No,No
2015-02-12,0.8,,,,No,No
2015-02-13,0.0,,,,No,No
2015-02-14,0.0,,,,No,Yes
2015-02-15,18.0,,,,Yes,No
2015-02-16,0.0,,,,No,No
2015-02-17,0.0,,,,No,No
2015-02-18,0.0,,,,No,No
2015-02-19,0.0,,,,No,No
2015-02-20,0.0,,,,No,No
2015-02-21,0.6,,,,No,Yes
2015-02-22,3.2,,,,Yes,No
2015-02-23,0.0,,,,No,Yes
2015-02-24,15.8,,,,Yes,Yes
2015-02-25,1.6,,,,Yes,Yes
2015-02-26,2.0,,,,Yes,No
2015-02-27,0.6,,,,No,No
2015-02-28,0.0,,,,No,No
2015-03-01,0.0,,,,No,No
2015-03-02,0.8,,,,No,No
2015-03-03,0.0,,,,No,No
2015-03-04,0.0,,,,No,No
2015-03-05,0.0,,,,No,No
2015-03-06,0.0,,,,No,No
2015-03-07,0.0,,,,No,No
2015-03-08,0.0,,,,No,No
2015-03-09,0.0,,,,No,No
2015-03-10,0.0,,,,No,No
2015-03-11,0.0,,,,No,No
2015-03-12,0.0,,,,No,
2015-03-13,,,,,,No
2015-03-14,0.0,,,,No,No
2015-03-15,0.0,,,,No,No
2015-03-16,0.0,,,,No,No
2015-03-17,0.0,,,,No,Yes
2015-03-18,4.0,,,,Yes,No
2015-03-19,0.0,,,,No,No
2015-03-20,0.0,,,,No,No
2015-03-21,0.0,,,,No,No
2015-03-22,0.0,,,,No,No
2015-03-23,0.0,,,,No,Yes
2015-03-24,6.4,,,,Yes,No
2015-03-25,0.6,,,,No,No
2015-03-26,0.0,,,,No,No
2015-03-27,0.0,,,,No,No
2015-03-28,0.0,,,,No,No
2015-03-29,0.0,,,,No,No
2015-03-30,0.0,,,,No,No
2015-03-31,0.0,,,,No,No
2015-04-01,0.0,,,,No,No
2015-04-02,0.0,,,,No,No
2015-04-03,0.0,,,,No,No
2015-04-04,0.0,,,,No,No
2015-04-05,0.2,,,,No,No
2015-04-06,0.2,,,,No,Yes
2015-04-07,19.2,,,,Yes,Yes
2015-04-08,65.0,,,,Yes,No
2015-04-09,0.0,,,,No,No
2015-04-10,0.0,,,,No,No
2015-04-11,0.0,,,,No,No
2015-04-12,0.0,,,,No,No
2015-04-13,0.4,,,,No,No
2015-04-14,0.0,,,,No,No
2015-04-15,0.0,,,,No,No
2015-04-16,1.0,,,,No,Yes
2015-04-17,1.6,,,,Yes,Yes
2015-04-18,7.2,,,,Yes,Yes
2015-04-19,2.0,,,,Yes,No
2015-04-20,0.0,,,,No,No
2015-04-21,0.0,,,,No,No
2015-04-22,0.0,,,,No,No
2015-04-23,0.0,,,,No,No
2015-04-24,0.0,,,,No,No
2015-04-25,0.0,,,,No,No
2015-04-26,0.0,,,,No,No
2015-04-27,0.0,,,,No,No
2015-04-28,0.0,,,,No,No
2015-04-29,0.0,,,,No,No
2015-04-30,0.0,,,,No,No
2015-05-01,0.0,,,,No,No
2015-05-02,0.2,,,,No,No
2015-05-03,0.0,,,,No,No
2015-05-04,0.0,,,,No,No
2015-05-05,0.0,,,,No,No
2015-05-06,0.0,,,,No,No
2015-05-07,0.0,,,,No,No
2015-05-08,0.0,,,,No,No
2015-05-09,0.0,,,,No,No
2015-05-10,0.0,,,,No,Yes
2015-05-11,4.8,,,,Yes,No
2015-05-12,0.0,,,,No,No
2015-05-13,0.0,,,,No,No
2015-05-14,0.6,,,,No,No
2015-05-15,0.0,,,,No,No
2015-05-16,0.0,,,,No,No
2015-05-17,0.0,,,,No,No
2015-05-18,0.0,,,,No,No
2015-05-19,0.0,,,,No,Yes
2015-05-20,7.8,,,,Yes,No
2015-05-21,0.0,,,,No,No
2015-05-22,0.0,,,,No,No
2015-05-23,0.2,,,,No,No
2015-05-24,0.0,,,,No,No
2015-05-25,0.0,,,,No,No
2015-05-26,0.0,,,,No,No
2015-05-27,0.0,,,,No,No
2015-05-28,0.0,,,,No,Yes
2015-05-29,1.2,,,,Yes,No
2015-05-30,0.0,,,,No,No
2015-05-31,0.0,,,,No,No
2015-06-01,1.0,,,,No,No
2015-06-02,0.0,,,,No,No
2015-06-03,0.0,,,,No,No
2015-06-04,0.0,,,,No,Yes
2015-06-05,1.6,,,,Yes,No
2015-06-06,0.8,,,,No,No
2015-06-07,0.0,,,,No,No
2015-06-08,0.0,,,,No,No
2015-06-09,0.0,,,,No,No
2015-06-10,0.0,,,,No,No
2015-06-11,0.0,,,,No,No
2015-06-12,0.0,,,,No,No
2015-06-13,0.0,,,,No,No
2015-06-14,0.0,,,,No,No
2015-06-15,0.0,,,,No,Yes
2015-06-16,16.4,,,,Yes,Yes
2015-06-17,28.2,,,,Yes,Yes
2015-06-18,28.8,,,,Yes,Yes
2015-06-19,6.2,,,,Yes,No
2015-06-20,0.4,,,,No,No
2015-06-21,0.0,,,,No,No
2015-06-22,0.0,,,,No,No
2015-06-23,0.0,,,,No,No
2015-06-24,0.0,,,,No,No
2015-06-25,0.0,,,,No,No
2015-06-26,0.0,,,,No,No
2015-06-27,0.0,,,,No,No
2015-06-28,0.0,,,,No,No
2015-06-29,0.0,,,,No,No
2015-06-30,0.0,,,,No,No
2015-07-01,0.0,,,,No,No
2015-07-02,0.0,,,,No,No
2015-07-03,0.0,,,,No,No
2015-07-04,0.0,,,,No,No
2015-07-05,0.0,,,,No,No
2015-07-06,0.0,,,,No,No
2015-07-07,0.0,,,,No,No
2015-07-08,0.0,,,,No,No
2015-07-09,0.0,,,,No,No
2015-07-10,1.0,,,,No,Yes
2015-07-11,9.2,,,,Yes,Yes
2015-07-12,13.0,,,,Yes,Yes
2015-07-13,1.4,,,,Yes,No
2015-07-14,0.0,,,,No,No
2015-07-15,0.0,,,,No,Yes
2015-07-16,3.2,,,,Yes,No
2015-07-17,0.2,,,,No,No
2015-07-18,0.0,,,,No,No
2015-07-19,0.0,,,,No,No
2015-07-20,0.0,,,,No,No
2015-07-21,0.0,,,,No,No
2015-07-22,0.0,,,,No,Yes
2015-07-23,18.6,,,,Yes,Yes
2015-07-24,1.2,,,,Yes,Yes
2015-07-25,1.6,,,,Yes,No
2015-07-26,0.0,,,,No,No
2015-07-27,0.0,,,,No,No
2015-07-28,0.0,,,,No,No
2015-07-29,0.0,,,,No,No
2015-07-30,0.0,,,,No,No
2015-07-31,0.0,,,,No,No
2015-08-01,0.0,,,,No,Yes
2015-08-02,18.0,,,,Yes,Yes
2015-08-03,21.2,,,,Yes,No
2015-08-04,0.0,,,,No,No
2015-08-05,0.0,,,,No,No
2015-08-06,0.0,,,,No,No
2015-08-07,0.0,,,,No,No
2015-08-08,0.0,,,,No,No
2015-08-09,0.0,,,,No,No
2015-08-10,0.0,,,,No,No
2015-08-11,0.0,,,,No,No
2015-08-12,0.0,,,,No,Yes
2015-08-13,4.0,,,,Yes,No
2015-08-14,0.0,,,,No,No
2015-08-15,0.0,,,,No,No
2015-08-16,0.0,,,,No,No
2015-08-17,0.0,,,,No,No
2015-08-18,0.0,,,,No,No
2015-08-19,0.0,,,,No,No
2015-08-20,0.0,,,,No,No
2015-08-21,0.0,,,,No,Yes
2015-08-22,2.2,,,,Yes,No
2015-08-23,0.0,,,,No,No
2015-08-24,0.0,,,,No,Yes
2015-08-25,24.6,,,,Yes,Yes
2015-08-26,5.6,,,,Yes,No
2015-08-27,1.0,,,,No,Yes
2015-08-28,2.4,,,,Yes,No
2015-08-29,0.2,,,,No,No
2015-08-30,0.0,,,,No,No
2015-08-31,0.0,,,,No,No
2015-09-01,0.0,,,,No,No
2015-09-02,0.0,,,,No,Yes
2015-09-03,7.4,,,,Yes,Yes
2015-09-04,2.0,,,,Yes,No
2015-09-05,0.0,,,,No,No
2015-09-06,0.0,,,,No,No
2015-09-07,0.0,,,,No,No
2015-09-08,0.0,,,,No,No
2015-09-09,0.0,,,,No,No
2015-09-10,0.0,,,,No,No
2015-09-11,0.0,,,,No,No
2015-09-12,0.0,,,,No,No
2015-09-13,0.0,,,,No,No
2015-09-14,0.0,,,,No,No
2015-09-15,0.0,,,,No,No
2015-09-16,0.0,,,,No,No
2015-09-17,0.0,,,,No,No
2015-09-18,0.0,,,,No,No
2015-09-19,0.0,,,,No,No
2015-09-20,0.2,,,,No,No
2015-09-21,0.0,,,,No,No
2015-09-22,0.0,,,,No,No
2015-09-23,0.0,,,,No,No
2015-09-24,0.0,,,,No,No
2015-09-25,0.0,,,,No,No
2015-09-26,0.0,,,,No,No
2015-09-27,0.0,,,,No,No
2015-09-28,0.0,,,,No,No
2015-09-29,0.0,,,,No,No
2015-09-30,0.0,,,,No,No
2015-10-01,0.0,,,,No,No
2015-10-02,0.0,,,,No,No
2015-10-03,0.0,,,,No,No
2015-10-04,0.0,,,,No,No
2015-10-05,0.0,,,,No,No
2015-10-06,0.0,,,,No,No
2015-10-07,0.0,,,,No,No
2015-10-08,0.0,,,,No,No
2015-10-09,0.2,,,,No,Yes
2015-10-10,10.0,,,,Yes,No
2015-10-11,0.0,,,,No,No
2015-10-12,0.0,,,,No,No
2015-10-13,0.0,,,,No,No
2015-10-14,0.0,,,,No,No
2015-10-15,0.0,,,,No,No
2015-10-16,0.0,,,,No,No
2015-10-17,0.0,,,,No,Yes
2015-10-18,2.2,,,,Yes,No
2015-10-19,0.0,,,,No,No
2015-10-20,0.0,,,,No,Yes
2015-10-21,5.2,,,,Yes,Yes
2015-10-22,13.0,,,,Yes,No
2015-10-23,0.8,,,,No,No
2015-10-24,0.0,,,,No,No
2015-10-25,0.0,,,,No,No
2015-10-26,0.0,,,,No,No
2015-10-27,0.0,,,,No,No
2015-10-28,0.0,,,,No,No
2015-10-29,0.0,,,,No,No
2015-10-30,0.0,,,,No,No
2015-10-31,0.0,,,,No,Yes
2015-11-01,2.0,,,,Yes,Yes
2015-11-02,21.4,,,,Yes,No
2015-11-03,0.0,,,,No,No
2015-11-04,0.0,,,,No,Yes
2015-11-05,6.6,,,,Yes,Yes
2015-11-06,37.4,,,,Yes,No
2015-11-07,0.2,,,,No,No
2015-11-08,0.0,,,,No,No
2015-11-09,0.0,,,,No,No
2015-11-10,0.0,,,,No,Yes
2015-11-11,5.4,,,,Yes,Yes
2015-11-12,8.0,,,,Yes,Yes
2015-11-13,25.4,,,,Yes,Yes
2015-11-14,2.2,,,,Yes,Yes
2015-11-15,5.2,,,,Yes,No
2015-11-16,0.0,,,,No,No
2015-11-17,0.0,,,,No,No
2015-11-18,0.0,,,,No,No
2015-11-19,0.0,,,,No,No
2015-11-20,0.0,,,,No,No
2015-11-21,0.0,,,,No,No
2015-11-22,0.0,,,,No,No
2015-11-23,0.0,,,,No,No
2015-11-24,0.0,,,,No,No
2015-11-25,0.0,,,,No,No
2015-11-26,0.0,,,,No,No
2015-11-27,0.0,,,,No,No
2015-11-28,0.0,,,,No,No
2015-11-29,0.0,,,,No,No
2015-11-30,0.0,,,,No,No
2015-12-01,0.0,,,,No,No
2015-12-02,0.0,,,,No,No
2015-12-03,0.0,,,,No,No
2015-12-04,0.0,,,,No,No
2015-12-05,0.0,,,,No,No
2015-12-06,0.0,,,,No,No
2015-12-07,0.0,,,,No,No
2015-12-08,0.0,,,,No,No
2015-12-09,0.0,,,,No,No
2015-12-10,0.0,,,,No,No
2015-12-11,0.0,,,,No,No
2015-12-12,0.0,,,,No,No
2015-12-13,0.0,,,,No,No
2015-12-14,0.0,,,,No,No
2015-12-15,0.0,,,,No,No
2015-12-16,0.0,,,,No,Yes
2015-12-17,7.4,,,,Yes,No
2015-12-18,0.0,,,,No,No
2015-12-19,0.0,,,,No,No
2015-12-20,0.0,,,,No,No
2015-12-21,0.2,,,,No,No
2015-12-22,0.2,,,,No,No
2015-12-23,0.0,,,,No,No
2015-12-24,0.8,,,,No,No
2015-12-25,0.0,,,,No,No
2015-12-26,0.0,,,,No,Yes
2015-12-27,22.2,,,,Yes,No
2015-12-28,0.0,,,,No,No
2015-12-29,0.0,,,,No,No
2015-12-30,0.0,,,,No,No
2015-12-31,0.0,,,,No,No
2016-01-01,0.0,,,,No,No
2016-01-02,0.0,,,,No,No
2016-01-03,0.0,,,,No,Yes
2016-01-04,5.4,,,,Yes,Yes
2016-01-05,8.6,,,,Yes,Yes
2016-01-06,2.8,,,,Yes,No
2016-01-07,0.0,,,,No,No
2016-01-08,0.0,,,,No,No
2016-01-09,0.0,,,,No,No
2016-01-10,0.0,,,,No,No
2016-01-11,0.0,,,,No,No
2016-01-12,0.0,,,,No,No
2016-01-13,0.0,,,,No,No
2016-01-14,0.0,,,,No,Yes
2016-01-15,11.8,,,,Yes,No
2016-01-16,0.0,,,,No,No
2016-01-17,0.0,,,,No,No
2016-01-18,0.0,,,,No,No
2016-01-19,0.0,,,,No,No
2016-01-20,0.0,,,,No,No
2016-01-21,0.0,,,,No,Yes
2016-01-22,3.8,,,,Yes,Yes
2016-01-23,14.6,,,,Yes,
2016-01-24,,,,,,No
2016-01-25,0.6,,,,No,Yes
2016-01-26,19.8,,,,Yes,No
2016-01-27,0.0,,,,No,Yes
2016-01-28,4.8,,,,Yes,No
2016-01-29,0.0,,,,No,Yes
2016-01-30,9.8,,,,Yes,Yes
2016-01-31,26.4,,,,Yes,Yes
2016-02-01,9.0,,,,Yes,Yes
2016-02-02,15.6,,,,Yes,No
2016-02-03,0.0,,,,No,Yes
2016-02-04,6.8,,,,Yes,No
2016-02-05,0.0,,,,No,No
2016-02-06,0.0,,,,No,No
2016-02-07,0.0,,,,No,No
2016-02-08,0.0,,,,No,No
2016-02-09,0.0,,,,No,
2016-02-10,,,,,,No
2016-02-11,0.0,,,,No,No
2016-02-12,0.0,,,,No,No
2016-02-13,0.0,,,,No,No
2016-02-14,0.0,,,,No,No
2016-02-15,0.0,,,,No,No
2016-02-16,0.0,,,,No,No
2016-02-17,0.0,,,,No,No
2016-02-18,0.0,,,,No,No
2016-02-19,0.0,,,,No,No
2016-02-20,0.0,,,,No,No
2016-02-21,0.0,,,,No,No
2016-02-22,0.0,,,,No,No
2016-02-23,0.0,,,,No,No
2016-02-24,0.0,,,,No,No
2016-02-25,0.0,,,,No,No
2016-02-26,0.0,,,,No,No
2016-02-27,0.0,,,,No,No
2016-02-28,0.0,,,,No,No
2016-02-29,0.0,,,,No,No
2016-03-01,0.0,,,,No,No
2016-03-02,0.0,,,,No,No
2016-03-03,0.0,,,,No,Yes
2016-03-04,11.0,,,,Yes,No
2016-03-05,0.0,,,,No,Yes
2016-03-06,3.0,,,,Yes,No
2016-03-07,0.0,,,,No,No
2016-03-08,0.0,,,,No,No
2016-03-09,0.0,,,,No,No
2016-03-10,0.0,,,,No,Yes
2016-03-11,17.2,,,,Yes,Yes
2016-03-12,12.0,,,,Yes,No
2016-03-13,0.6,,,,No,No
2016-03-14,0.0,,,,No,Yes
2016-03-15,5.6,,,,Yes,No
2016-03-16,0.0,,,,No,No
2016-03-17,0.0,,,,No,
2016-03-18,,,,,,Yes
2016-03-19,4.6,,,,Yes,No
2016-03-20,0.0,,,,No,No
2016-03-21,0.0,,,,No,No
2016-03-22,0.0,,,,No,No
2016-03-23,0.0,,,,No,No
2016-03-24,0.0,,,,No,No
2016-03-25,0.2,,,,No,No
2016-03-26,0.0,,,,No,No
2016-03-27,0.0,,,,No,No
2016-03-28,0.0,,,,No,No
2016-03-29,0.0,,,,No,No
2016-03-30,0.2,,,,No,No
2016-03-31,0.0,,,,No,No
2016-04-01,0.0,,,,No,No
2016-04-02,0.0,,,,No,No
2016-04-03,0.0,,,,No,No
2016-04-04,0.0,,,,No,No
2016-04-05,0.0,,,,No,No
2016-04-06,0.0,,,,No,No
2016-04-07,0.0,,,,No,No
2016-04-08,0.0,,,,No,No
2016-04-09,0.0,,,,No,No
2016-04-10,0.0,,,,No,
2016-04-11,,,,,,No
2016-04-12,0.0,,,,No,No
2016-04-13,0.0,,,,No,No
2016-04-14,0.0,,,,No,No
2016-04-15,0.0,,,,No,No
2016-04-16,0.2,,,,No,Yes
2016-04-17,3.0,,,,Yes,No
2016-04-18,0.0,,,,No,No
2016-04-19,0.0,,,,No,No
2016-04-20,0.0,,,,No,No
2016-04-21,0.0,,,,No,Yes
2016-04-22,1.4,,,,Yes,Yes
2016-04-23,1.4,,,,Yes,No
2016-04-24,0.0,,,,No,No
2016-04-25,0.0,,,,No,No
2016-04-26,0.0,,,,No,No
2016-04-27,0.0,,,,No,No
2016-04-28,0.0,,,,No,No
2016-04-29,0.0,,,,No,No
2016-04-30,0.6,,,,No,Yes
2016-05-01,3.6,,,,Yes,Yes
2016-05-02,1.4,,,,Yes,No
2016-05-03,0.0,,,,No,No
2016-05-04,0.0,,,,No,No
2016-05-05,0.0,,,,No,No
2016-05-06,0.0,,,,No,No
2016-05-07,0.0,,,,No,No
2016-05-08,0.6,,,,No,Yes
2016-05-09,12.6,,,,Yes,Yes
2016-05-10,8.6,,,,Yes,Yes
2016-05-11,4.6,,,,Yes,Yes
2016-05-12,2.6,,,,Yes,Yes
2016-05-13,2.4,,,,Yes,No
2016-05-14,0.0,,,,No,No
2016-05-15,0.0,,,,No,No
2016-05-16,0.0,,,,No,No
2016-05-17,0.0,,,,No,No
2016-05-18,0.0,,,,No,No
2016-05-19,0.0,,,,No,No
2016-05-20,0.0,,,,No,No
2016-05-21,0.0,,,,No,No
2016-05-22,0.0,,,,No,No
2016-05-23,0.0,,,,No,No
2016-05-24,0.0,,,,No,No
2016-05-25,0.0,,,,No,No
2016-05-26,0.0,,,,No,No
2016-05-27,0.2,,,,No,No
2016-05-28,0.4,,,,No,No
2016-05-29,0.2,,,,No,No
2016-05-30,0.0,,,,No,No
2016-05-31,0.0,,,,No,No
2016-06-01,0.0,,,,No,Yes
2016-06-02,2.2,,,,Yes,No
2016-06-03,0.0,,,,No,Yes
2016-06-04,4.0,,,,Yes,Yes
2016-06-05,40.8,,,,Yes,Yes
2016-06-06,81.8,,,,Yes,No
2016-06-07,0.0,,,,No,No
2016-06-08,0.0,,,,No,Yes
2016-06-09,6.0,,,,Yes,No
2016-06-10,0.4,,,,No,No
2016-06-11,0.0,,,,No,No
2016-06-12,0.0,,,,No,No
2016-06-13,0.0,,,,No,No
2016-06-14,0.2,,,,No,No
2016-06-15,0.0,,,,No,No
2016-06-16,0.0,,,,No,Yes
2016-06-17,1.4,,,,Yes,Yes
2016-06-18,11.8,,,,Yes,No
2016-06-19,0.6,,,,No,Yes
2016-06-20,28.2,,,,Yes,No
2016-06-21,0.2,,,,No,Yes
2016-06-22,1.4,,,,Yes,No
2016-06-23,0.2,,,,No,Yes
2016-06-24,3.0,,,,Yes,Yes
2016-06-25,1.6,,,,Yes,No
2016-06-26,0.0,,,,No,No
2016-06-27,0.0,,,,No,No
2016-06-28,0.0,,,,No,No
2016-06-29,0.2,,,,No,No
2016-06-30,0.0,,,,No,No
2016-07-01,1.0,,,,No,No
2016-07-02,0.0,,,,No,No
2016-07-03,0.0,,,,No,No
2016-07-04,0.0,,,,No,Yes
2016-07-05,3.8,,,,Yes,Yes
2016-07-06,10.8,,,,Yes,Yes
2016-07-07,1.8,,,,Yes,No
2016-07-08,0.0,,,,No,No
2016-07-09,0.2,,,,No,No
2016-07-10,0.0,,,,No,Yes
2016-07-11,11.2,,,,Yes,No
2016-07-12,0.0,,,,No,Yes
2016-07-13,3.2,,,,Yes,No
2016-07-14,0.0,,,,No,No
2016-07-15,0.0,,,,No,No
2016-07-16,0.0,,,,No,No
2016-07-17,0.2,,,,No,No
2016-07-18,0.2,,,,No,Yes
2016-07-19,1.6,,,,Yes,Yes
2016-07-20,6.8,,,,Yes,No
2016-07-21,0.0,,,,No,No
2016-07-22,0.2,,,,No,Yes
2016-07-23,11.4,,,,Yes,No
2016-07-24,0.0,,,,No,Yes
2016-07-25,7.6,,,,Yes,No
2016-07-26,0.4,,,,No,Yes
2016-07-27,3.6,,,,Yes,No
2016-07-28,0.4,,,,No,No
2016-07-29,0.0,,,,No,No
2016-07-30,0.0,,,,No,No
2016-07-31,0.0,,,,No,No
2016-08-01,0.0,,,,No,Yes
2016-08-02,4.2,,,,Yes,No
2016-08-03,0.0,,,,No,No
2016-08-04,0.0,,,,No,No
2016-08-05,0.0,,,,No,No
2016-08-06,0.0,,,,No,No
2016-08-07,0.0,,,,No,No
2016-08-08,0.0,,,,No,No
2016-08-09,0.0,,,,No,Yes
2016-08-10,2.4,,,,Yes,No
2016-08-11,0.0,,,,No,No
2016-08-12,0.0,,,,No,No
2016-08-13,0.0,,,,No,No
2016-08-14,0.0,,,,No,No
2016-08-15,0.0,,,,No,No
2016-08-16,0.0,,,,No,No
2016-08-17,0.0,,,,No,No
2016-08-18,0.0,,,,No,No
2016-08-19,0.0,,,,No,Yes
2016-08-20,4.8,,,,Yes,No
2016-08-21,0.2,,,,No,No
2016-08-22,0.0,,,,No,Yes
2016-08-23,4.2,,,,Yes,No
2016-08-24,0.2,,,,No,Yes
2016-08-25,12.8,,,,Yes,No
2016-08-26,0.0,,,,No,No
2016-08-27,0.0,,,,No,No
2016-08-28,0.0,,,,No,No
2016-08-29,0.0,,,,No,No
2016-08-30,0.0,,,,No,Yes
2016-08-31,9.4,,,,Yes,No
2016-09-01,0.2,,,,No,No
2016-09-02,0.0,,,,No,Yes
2016-09-03,48.2,,,,Yes,No
2016-09-04,0.6,,,,No,No
2016-09-05,0.0,,,,No,No
2016-09-06,0.0,,,,No,No
2016-09-07,0.0,,,,No,No
2016-09-08,0.0,,,,No,No
2016-09-09,0.0,,,,No,Yes
2016-09-10,16.6,,,,Yes,Yes
2016-09-11,1.2,,,,Yes,No
2016-09-12,0.0,,,,No,No
2016-09-13,0.0,,,,No,No
2016-09-14,0.0,,,,No,Yes
2016-09-15,4.4,,,,Yes,No
2016-09-16,0.2,,,,No,No
2016-09-17,0.0,,,,No,No
2016-09-18,0.0,,,,No,Yes
2016-09-19,8.2,,,,Yes,No
2016-09-20,0.0,,,,No,Yes
2016-09-21,6.6,,,,Yes,Yes
2016-09-22,20.2,,,,Yes,No
2016-09-23,0.0,,,,No,No
2016-09-24,0.0,,,,No,No
2016-09-25,0.0,,,,No,No
2016-09-26,0.0,,,,No,No
2016-09-27,0.6,,,,No,No
2016-09-28,0.0,,,,No,Yes
2016-09-29,21.8,,,,Yes,Yes
2016-09-30,22.2,,,,Yes,Yes
2016-10-01,2.8,,,,Yes,
2016-10-02,,,,,,Yes
2016-10-03,9.8,,,,Yes,Yes
2016-10-04,2.2,,,,Yes,Yes
2016-10-05,11.6,,,,Yes,No
2016-10-06,0.0,,,,No,No
2016-10-07,0.0,,,,No,No
2016-10-08,0.0,,,,No,No
2016-10-09,0.0,,,,No,No
2016-10-10,0.0,,,,No,
2016-10-11,,,,,,No
2016-10-12,0.0,,,,No,No
2016-10-13,0.0,,,,No,No
2016-10-14,0.0,,,,No,No
2016-10-15,0.0,,,,No,No
2016-10-16,0.0,,,,No,Yes
2016-10-17,3.8,,,,Yes,No
2016-10-18,0.4,,,,No,No
2016-10-19,0.8,,,,No,No
2016-10-20,0.0,,,,No,No
2016-10-21,0.0,,,,No,Yes
2016-10-22,4.0,,,,Yes,No
2016-10-23,0.4,,,,No,No
2016-10-24,0.0,,,,No,No
2016-10-25,0.0,,,,No,No
2016-10-26,0.0,,,,No,No
2016-10-27,0.0,,,,No,No
2016-10-28,0.0,,,,No,No
2016-10-29,0.0,,,,No,Yes
2016-10-30,1.6,,,,Yes,Yes
2016-10-31,3.0,,,,Yes,No
2016-11-01,0.0,,,,No,No
2016-11-02,0.0,,,,No,No
2016-11-03,0.0,,,,No,No
2016-11-04,0.0,,,,No,No
2016-11-05,0.0,,,,No,No
2016-11-06,0.0,,,,No,No
2016-11-07,0.0,,,,No,No
2016-11-08,0.0,,,,No,Yes
2016-11-09,4.2,,,,Yes,No
2016-11-10,0.0,,,,No,No
2016-11-11,0.0,,,,No,Yes
2016-11-12,15.0,,,,Yes,No
2016-11-13,0.0,,,,No,Yes
2016-11-14,13.4,,,,Yes,Yes
2016-11-15,1.2,,,,Yes,No
2016-11-16,0.0,,,,No,No
2016-11-17,0.0,,,,No,No
2016-11-18,0.0,,,,No,No
2016-11-19,0.0,,,,No,No
2016-11-20,0.0,,,,No,Yes
2016-11-21,14.0,,,,Yes,No
2016-11-22,0.0,,,,No,No
2016-11-23,0.0,,,,No,Yes
2016-11-24,5.6,,,,Yes,No
2016-11-25,0.0,,,,No,No
2016-11-26,0.0,,,,No,No
2016-11-27,0.0,,,,No,No
2016-11-28,0.0,,,,No,No
2016-11-29,0.0,,,,No,No
2016-11-30,0.0,,,,No,No
2016-12-01,0.0,,,,No,No
2016-12-02,0.0,,,,No,No
2016-12-03,0.0,,,,No,No
2016-12-04,0.0,,,,No,Yes
2016-12-05,1.6,,,,Yes,Yes
2016-12-06,29.6,,,,Yes,No
2016-12-07,0.0,,,,No,No
2016-12-08,0.0,,,,No,No
2016-12-09,0.2,,,,No,No
2016-12-10,0.0,,,,No,No
2016-12-11,0.0,,,,No,No
2016-12-12,0.0,,,,No,No
2016-12-13,0.0,,,,No,No
2016-12-14,0.0,,,,No,Yes
2016-12-15,6.0,,,,Yes,Yes
2016-12-16,7.0,,,,Yes,Yes
2016-12-17,12.0,,,,Yes,No
2016-12-18,0.0,,,,No,No
2016-12-19,0.0,,,,No,No
2016-12-20,0.0,,,,No,No
2016-12-21,0.0,,,,No,No
2016-12-22,0.0,,,,No,No
2016-12-23,0.0,,,,No,No
2016-12-24,0.0,,,,No,Yes
2016-12-25,3.0,,,,Yes,No
2016-12-26,0.0,,,,No,No
2016-12-27,0.0,,,,No,No
2016-12-28,0.0,,,,No,No
2016-12-29,0.0,,,,No,Yes
2016-12-30,4.4,,,,Yes,Yes
2016-12-31,29.6,,,,Yes,No
2017-01-01,0.0,,,,No,No
2017-01-02,0.0,,,,No,No
2017-01-03,0.0,,,,No,No
2017-01-04,0.0,,,,No,No
2017-01-05,0.0,,,,No,Yes
2017-01-06,5.2,,,,Yes,No
2017-01-07,0.0,,,,No,No
2017-01-08,0.0,,,,No,No
2017-01-09,0.0,,,,No,No
2017-01-10,0.4,,,,No,No
2017-01-11,0.0,,,,No,No
2017-01-12,0.0,,,,No,No
2017-01-13,0.0,,,,No,No
2017-01-14,0.0,,,,No,No
2017-01-15,0.0,,,,No,No
2017-01-16,0.0,,,,No,No
2017-01-17,0.0,,,,No,No
2017-01-18,0.0,,,,No,No
2017-01-19,0.0,,,,No,No
2017-01-20,0.6,,,,No,Yes
2017-01-21,2.4,,,,Yes,No
2017-01-22,0.0,,,,No,No
2017-01-23,0.0,,,,No,Yes
2017-01-24,1.2,,,,Yes,No
2017-01-25,0.8,,,,No,No
2017-01-26,0.0,,,,No,No
2017-01-27,0.0,,,,No,No
2017-01-28,0.0,,,,No,No
2017-01-29,0.0,,,,No,No
2017-01-30,0.0,,,,No,No
2017-01-31,0.0,,,,No,No
2017-02-01,0.2,,,,No,Yes
2017-02-02,2.4,,,,Yes,No
2017-02-03,0.0,,,,No,No
2017-02-04,0.0,,,,No,No
2017-02-05,0.0,,,,No,Yes
2017-02-06,8.2,,,,Yes,Yes
2017-02-07,1.2,,,,Yes,No
2017-02-08,0.0,,,,No,No
2017-02-09,0.6,,,,No,No
2017-02-10,0.0,,,,No,No
2017-02-11,0.0,,,,No,Yes
2017-02-12,3.6,,,,Yes,No
2017-02-13,0.2,,,,No,No
2017-02-14,0.0,,,,No,No
2017-02-15,0.0,,,,No,No
2017-02-16,0.0,,,,No,No
2017-02-17,0.0,,,,No,No
2017-02-18,0.0,,,,No,Yes
2017-02-19,6.6,,,,Yes,No
2017-02-20,0.0,,,,No,No
2017-02-21,0.0,,,,No,No
2017-02-22,0.0,,,,No,No
2017-02-23,0.0,,,,No,No
2017-02-24,0.0,,,,No,No
2017-02-25,0.0,,,,No,No
2017-02-26,0.0,,,,No,No
2017-02-27,0.0,,,,No,No
2017-02-28,0.0,,,,No,No
2017-03-01,0.0,,,,No,No
2017-03-02,0.0,,,,No,No
2017-03-03,0.8,,,,No,Yes
2017-03-04,1.4,,,,Yes,Yes
2017-03-05,9.0,,,,Yes,Yes
2017-03-06,1.8,,,,Yes,No
2017-03-07,0.0,,,,No,No
2017-03-08,0.0,,,,No,No
2017-03-09,0.0,,,,No,No
2017-03-10,0.0,,,,No,No
2017-03-11,0.0,,,,No,No
2017-03-12,0.0,,,,No,Yes
2017-03-13,2.2,,,,Yes,No
2017-03-14,0.0,,,,No,Yes
2017-03-15,5.8,,,,Yes,Yes
2017-03-16,2.4,,,,Yes,No
2017-03-17,0.0,,,,No,No
2017-03-18,0.0,,,,No,No
2017-03-19,0.0,,,,No,Yes
2017-03-20,2.6,,,,Yes,Yes
2017-03-21,17.8,,,,Yes,Yes
2017-03-22,36.2,,,,Yes,Yes
2017-03-23,4.2,,,,Yes,Yes
2017-03-24,11.6,,,,Yes,No
2017-03-25,0.0,,,,No,No
2017-03-26,0.8,,,,No,No
2017-03-27,0.0,,,,No,No
2017-03-28,0.8,,,,No,No
2017-03-29,0.0,,,,No,
2017-03-30,,,,,,Yes
2017-03-31,17.4,,,,Yes,No
2017-04-01,0.0,,,,No,No
2017-04-02,0.2,,,,No,No
2017-04-03,0.0,,,,No,No
2017-04-04,0.0,,,,No,No
2017-04-05,0.4,,,,No,No
2017-04-06,0.0,,,,No,No
2017-04-07,0.0,,,,No,No
2017-04-08,0.0,,,,No,Yes
2017-04-09,1.2,,,,Yes,Yes
2017-04-10,12.2,,,,Yes,No
2017-04-11,0.6,,,,No,No
2017-04-12,0.0,,,,No,No
2017-04-13,0.0,,,,No,No
2017-04-14,0.0,,,,No,No
2017-04-15,0.0,,,,No,No
2017-04-16,0.0,,,,No,No
2017-04-17,0.0,,,,No,No
2017-04-18,0.0,,,,No,No
2017-04-19,0.2,,,,No,No
2017-04-20,0.0,,,,No,No
2017-04-21,0.0,,,,No,Yes
2017-04-22,1.8,,,,Yes,No
2017-04-23,0.0,,,,No,No
2017-04-24,0.0,,,,No,Yes
2017-04-25,1.6,,,,Yes,Yes
2017-04-26,13.2,,,,Yes,No
2017-04-27,1.0,,,,No,No
2017-04-28,0.0,,,,No,No
2017-04-29,0.0,,,,No,No
2017-04-30,0.0,,,,No,No
2017-05-01,0.0,,,,No,No
2017-05-02,0.0,,,,No,No
2017-05-03,0.0,,,,No,No
2017-05-04,0.0,,,,No,No
2017-05-05,0.0,,,,No,No
2017-05-06,0.2,,,,No,No
2017-05-07,0.0,,,,No,No
2017-05-08,0.0,,,,No,No
2017-05-09,0.0,,,,No,No
2017-05-10,0.0,,,,No,No
2017-05-11,0.0,,,,No,No
2017-05-12,0.0,,,,No,No
2017-05-13,0.0,,,,No,No
2017-05-14,0.0,,,,No,Yes
2017-05-15,2.8,,,,Yes,No
2017-05-16,0.0,,,,No,No
2017-05-17,0.0,,,,No,No
2017-05-18,0.0,,,,No,No
2017-05-19,0.0,,,,No,Yes
2017-05-20,52.2,,,,Yes,No
2017-05-21,0.0,,,,No,No
2017-05-22,0.0,,,,No,No
2017-05-23,0.0,,,,No,Yes
2017-05-24,2.4,,,,Yes,No
2017-05-25,0.0,,,,No,No
2017-05-26,0.0,,,,No,No
2017-05-27,0.0,,,,No,No
2017-05-28,0.0,,,,No,Yes
2017-05-29,3.4,,,,Yes,No
2017-05-30,0.0,,,,No,No
2017-05-31,0.0,,,,No,No
2017-06-01,0.0,,,,No,No
2017-06-02,0.0,,,,No,No
2017-06-03,0.0,,,,No,No
2017-06-04,0.2,,,,No,No
2017-06-05,0.0,,,,No,No
2017-06-06,0.0,,,,No,No
2017-06-07,0.0,,,,No,No
2017-06-08,0.0,,,,No,No
2017-06-09,0.4,,,,No,No
2017-06-10,0.0,,,,No,No
2017-06-11,0.0,,,,No,No
2017-06-12,0.0,,,,No,No
2017-06-13,0.2,,,,No,No
2017-06-14,0.0,,,,No,No
2017-06-15,0.0,,,,No,No
2017-06-16,0.0,,,,No,No
2017-06-17,0.0,,,,No,No
2017-06-18,0.0,,,,No,No
2017-06-19,0.0,,,,No,No
2017-06-20,0.2,,,,No,No
2017-06-21,0.4,,,,No,No
2017-06-22,0.0,,,,No,No
2017-06-23,0.0,,,,No,No
2017-06-24,0.0,,,,No,No
2017-06-25,0.0,,,,No,No
